job_id,job_title,company_name,location,city,state,industry,job_position,experience,source
TAL0001,Big Data Developer,LTIMindtree,"Pune, Maharashtra, India",,,Data Science / Analytics,Mid,4-6 Years,Talent
TAL0002,Big Data Engineer,Saaki Argus & Averil Consulting,"Hyderabad, Telangana, India",,,Data Science / Analytics,Mid,4-6 Years,Talent
TAL0003,Big Data Developer,Live Connections,"Bengaluru, Karnataka, India",,,Data Science / Analytics,Mid,4-6 Years,Talent
TAL0004,Big Data Developer,BDNT Labs Private Limited,"Pune, Maharashtra, India",,,Data Science / Analytics,Mid,4-6 Years,Talent
TAL0005,BIg data,Zodiac HR,"Mumbai, Maharashtra, India",,,Data Science / Analytics,Mid,4-6 Years,Talent
TAL0006,Big Data Developer,LION & ELEPHANTS,"Kolhapur, IN",,,Data Science / Analytics,Mid,4-6 Years,Talent
TAL0007,Big Data Consultant,Impetus,"Noida, Uttar Pradesh, India",,,Data Science / Analytics,Mid,4-6 Years,Talent
TAL0008,Big Data Developer,HCLTech,India,,,Data Science / Analytics,Mid,4-6 Years,Talent
TAL0009,Big Data Developer,Hrizen Techno Services,Chennai,,,Data Science / Analytics,Mid,4-6 Years,Talent
TAL0010,Big Data Developer,Agile Technology Solutions - Your Technology Partner,"Pune, Maharashtra, India",,,Data Science / Analytics,Mid,4-6 Years,Talent
TAL0011,Big Data Architect,Quick Heal,"Pune, Maharashtra, India",,,Data Science / Analytics,Mid,4-6 Years,Talent
TAL0012,Big Data engineer,Tata Consultancy Services,India,,,Data Science / Analytics,Mid,4-6 Years,Talent
TAL0013,Big Data Developer,MethodHub,"Hyderabad, Telangana, India",,,Data Science / Analytics,Mid,4-6 Years,Talent
TAL0014,Big Data Developer,Risk Resources,Chennai,,,Data Science / Analytics,Mid,4-6 Years,Talent
TAL0015,Big Data Specialist,Cybage Software,"Pune, Maharashtra, India",,,Data Science / Analytics,Mid,4-6 Years,Talent
TAL0016,Big Data Consultant,Synechron,India,,,Data Science / Analytics,Mid,4-6 Years,Talent
TAL0017,Big Data Engineer,Nagarro,"Noida, Uttar Pradesh, India",,,Data Science / Analytics,Mid,4-6 Years,Talent
TAL0018,Big Data Developer -,Prakhar Software Solutions Private Limited,Bangalore,,,Data Science / Analytics,Mid,4-6 Years,Talent
TAL0019,Big Data Lead,Recro,"Pune, Maharashtra, India",,,Data Science / Analytics,Senior,4-6 Years,Talent
TAL0020,Hadoop Administrator - Cluster Management,TechnoRight,"Delhi, IN",,,Management,Mid,4-6 Years,Talent
TAL0021,Big Data Engineer - Spark / Hadoop,Huntsmen & Barons,Delhi,,,Data Science / Analytics,Mid,4-6 Years,Talent
TAL0022,Ab Initio Senior Developer DEL,Exusia,Delhi,,,Software Development,Senior,4-6 Years,Talent
TAL0023,Software Engineer - Java / Spring Developer,Mindfire Solutions,Delhi,,,Software Development,Mid,4-6 Years,Talent
TAL0024,Big Data / Java Developer - Spark / Hadoop,Quesscrop,"Delhi, IN",,,Data Science / Analytics,Mid,4-6 Years,Talent
TAL0025,GCP Big Data Engineer,LTIMindtree,"New Delhi, Delhi, India",,,Cloud,Mid,4-6 Years,Talent
TAL0026,"Jobs For Database Administrator -Reputed IT Industry -Delhi NCR, India -15 LPA -Preeti",Seven Consultancy,Delhi-NCR-India,,,Data Science / Analytics,Mid,4-6 Years,Talent
TAL0027,Data Wrangling,Overture Rede,"Delhi, Delhi, India",,,Data Science / Analytics,Mid,4-6 Years,Talent
TAL0028,Data Architect - Python / Informatica,Coders Brain Technology Private Limited,"Delhi, IN",,,Data Science / Analytics,Mid,4-6 Years,Talent
TAL0029,AI Developer,JK Tech World,"New Delhi, Delhi, India",,,Artificial Intelligence / Machine Learning,Mid,4-6 Years,Talent
TAL0030,Data Engineer - R / ETL / Python,Unlock Business Consulting,"Delhi, IN",,,Data Science / Analytics,Mid,4-6 Years,Talent
TAL0031,AI / ML Data Scientist,Peoplelogic Business,"Delhi, NCR",,,Artificial Intelligence / Machine Learning,Mid,4-6 Years,Talent
TAL0032,Presales Solution Architect - Big Data / Cloud,Quadrangle,"Delhi, IN",,,Cloud,Mid,4-6 Years,Talent
TAL0033,Senior PySpark Developer,Victrix Systems & Labs,"Delhi, IN",,,Software Development,Senior,4-6 Years,Talent
TAL0034,Gen AI Architect,IGT Solutions,"Delhi, IN",,,Artificial Intelligence / Machine Learning,Mid,4-6 Years,Talent
TAL0035,Senior BigData Developer_ Remote India,Luxoft,"Delhi, IN",,,Data Science / Analytics,Senior,4-6 Years,Talent
TAL0036,Kloud9 - Senior Data Engineer - Google Cloud Platform,Retail Kloud9 Technologies India Private Limited,"Delhi, IN",,,Cloud,Senior,4-6 Years,Talent
TAL0037,Technical Project Manager,Beroe Inc,"Bengaluru, IN",,,Management,Manager,6-10 Years,Talent
TAL0038,Technical Project Manager,myGwork,"Banglore, Karnatak, India",,,Management,Manager,6-10 Years,Talent
TAL0039,Technical Project Manager,Recro,"Bengaluru, Karnataka, India",,,Management,Manager,6-10 Years,Talent
TAL0040,Technical Project Manager,TTK Services Private Limited,"Bengaluru, Karnataka, India",,,Management,Manager,6-10 Years,Talent
TAL0041,Technical Services Manager,GenScript,"Bangalore, IN",,,Management,Manager,6-10 Years,Talent
TAL0042,Technical support manager,JA Solar,"Bengaluru, IN",,,Management,Manager,6-10 Years,Talent
TAL0043,Technical Project Manager,Ubique Systems,"Bengaluru, Karnataka, India",,,Management,Manager,6-10 Years,Talent
TAL0044,Technical Project Manager,Randstad Enterprise,"Bengaluru, IN",,,Management,Manager,6-10 Years,Talent
TAL0045,Technical Project Manager,ScaleneWorks,"Bengaluru, karnataka, India",,,Management,Manager,6-10 Years,Talent
TAL0046,Technical Program Manager,Anumana,"Bengaluru, Karnataka, India",,,Management,Manager,6-10 Years,Talent
TAL0047,Technical Project Manager,ACL Digital,"Bengaluru, Karnataka, India",,,Management,Manager,6-10 Years,Talent
TAL0048,Technical Product Manager,ZeroFox,"Bengaluru, KA, IN",,,Management,Manager,6-10 Years,Talent
TAL0049,Technical Project Manager,PhonePe,"Bengaluru, Karnataka, India",,,Management,Manager,6-10 Years,Talent
TAL0050,Technical Account Manager,Trigent Software Private Limited,"KA, India",,,Management,Manager,6-10 Years,Talent
TAL0051,Technical Program Manager,Ajmera Infotech Inc.,"Bangalore, GJ, in",,,Management,Manager,6-10 Years,Talent
TAL0052,Technical Account Manager,Karix,"Bengaluru, Karnataka, India",,,Management,Manager,6-10 Years,Talent
TAL0053,Technical Project Manager,Deluxe,"Bengaluru, Karnataka, India",,,Management,Manager,6-10 Years,Talent
TAL0054,Technical Project Manager,Pyxidia Techlab LLP,"Bangalore, Karnataka, India",,,Management,Manager,6-10 Years,Talent
TAL0055,Generative AI Engineer,The Syntra,"New Delhi, Delhi, India",,,Artificial Intelligence / Machine Learning,Mid,1-5 Years,Talent
TAL0056,AI Solution Architect,Heyu / Talent Corner HR Services Pvt Ltd,"Delhi, IN",,,Artificial Intelligence / Machine Learning,Mid,1-5 Years,Talent
TAL0057,AI Trainer,SSTech LLC,"Delhi, IN",,,Artificial Intelligence / Machine Learning,Mid,1-5 Years,Talent
TAL0058,Voiceplug - AI Chatbot Developer - Conversational AI,Voiceplug Inc,"Delhi, IN",,,Artificial Intelligence / Machine Learning,Mid,1-5 Years,Talent
TAL0059,Generative AI Engineer,StartUs Insights,"Delhi, IN",,,Artificial Intelligence / Machine Learning,Mid,1-5 Years,Talent
TAL0060,AI Agent Engineer,GROW10X,"Delhi, IN",,,Artificial Intelligence / Machine Learning,Mid,1-5 Years,Talent
TAL0061,AI Engineer,Astra Security,"Delhi, IN",,,Artificial Intelligence / Machine Learning,Mid,1-5 Years,Talent
TAL0062,Generative AI Engineer,Xebia,"Delhi, IN",,,Artificial Intelligence / Machine Learning,Mid,1-5 Years,Talent
TAL0063,AI Automation Specialist,Particle Execution,"Delhi, IN",,,Artificial Intelligence / Machine Learning,Mid,1-5 Years,Talent
TAL0064,AI Trainers required,EducoHire,"Delhi, DL, in",,,Artificial Intelligence / Machine Learning,Mid,1-5 Years,Talent
TAL0065,AI Engineer - Remote,Aplus Careers,"New Delhi, Delhi, India",,,Artificial Intelligence / Machine Learning,Mid,1-5 Years,Talent
TAL0066,AI Developer,r3 Consultant,"Delhi, IN",,,Artificial Intelligence / Machine Learning,Mid,1-5 Years,Talent
TAL0067,Generative AI LLM Engineer (AI / ML),Qubrid AI,"Delhi, IN",,,Artificial Intelligence / Machine Learning,Mid,1-5 Years,Talent
TAL0068,AI / ML Engineer( Gen AI Developer),Daixta,"Delhi, IN",,,Artificial Intelligence / Machine Learning,Mid,1-5 Years,Talent
TAL0069,Project Manager – AI,Wadhwani Foundation,"Delhi, DL, in",,,Artificial Intelligence / Machine Learning,Manager,1-5 Years,Talent
TAL0070,AI / ML Developer,Tata Consultancy Services,"New Delhi, Delhi, India",,,Artificial Intelligence / Machine Learning,Mid,1-5 Years,Talent
TAL0071,AI Developers,GovConPros Inc,"Delhi, IN",,,Artificial Intelligence / Machine Learning,Mid,1-5 Years,Talent
TAL0072,AI Engineer,Zone IT Solutions,"Delhi, DL, IN",,,Artificial Intelligence / Machine Learning,Mid,1-5 Years,Talent
TAL0073,Generative AI Developer,Premier Consultants,"Delhi, IN",,,Artificial Intelligence / Machine Learning,Mid,1-5 Years,Talent
TAL0074,AI / ML Engineer,Cancard Inc.,"Delhi, IN",,,Artificial Intelligence / Machine Learning,Mid,1-5 Years,Talent
TAL0075,PySpark Developers,LTIMindtree,"Chennai, Tamil Nadu, India",,,Software Development,Mid,1-5 Years,Talent
TAL0076,Pyspark Architect,Saaki Argus & Averil Consulting,"Bangalore Rural, Karnataka, India",,,Software Development,Mid,1-5 Years,Talent
TAL0077,Pyspark Architect,Talent Worx,"Bengaluru, KA, IN",,,Software Development,Mid,1-5 Years,Talent
TAL0078,Pyspark developer,Randstad India,"Hyderabad, Telangana, India",,,Software Development,Mid,1-5 Years,Talent
TAL0079,PySpark Technical Lead,Sopra Steria,"Chennai, Tamil Nadu, India",,,Other,Senior,1-5 Years,Talent
TAL0080,PySpark Developer,Corporate Resources,Bengaluru,,,Software Development,Mid,1-5 Years,Talent
TAL0081,Senior PySpark Developer,Victrix Systems & Labs,"Delhi, IN",,,Software Development,Senior,1-5 Years,Talent
TAL0082,Python Developer - PySpark,Evoke HR Solutions,Mumbai,,,Software Development,Mid,1-5 Years,Talent
TAL0083,"Hadoop , Pyspark Developer",Allime Tech Solutions Private Limited,"Bangalore, KA, India",,,Software Development,Mid,1-5 Years,Talent
TAL0084,PySpark Developer,Risk Resources LLP,Kolkata,,,Software Development,Mid,1-5 Years,Talent
TAL0085,Senior - PySpark,KPMG India,"Gurgaon, Haryana, India",,,Other,Senior,1-5 Years,Talent
TAL0086,Pyspark Developer,Tata Consultancy Services,India,,,Software Development,Mid,1-5 Years,Talent
TAL0087,Pyspark Developer,DATAECONOMY,"Pune, Maharashtra, India",,,Software Development,Mid,1-5 Years,Talent
TAL0088,Data Engineer - PySpark,NexionPro,"Delhi, IN",,,Data Science / Analytics,Mid,1-5 Years,Talent
TAL0089,Pyspark Developer,Wipro,"Chennai, India",,,Software Development,Mid,1-5 Years,Talent
TAL0090,Java Backend Engineer,Tranzeal Incorporated,"Bengaluru, Karnataka, India",,,Software Development,Mid,1-5 Years,Talent
TAL0091,Backend Engineer - Java,Live Connections placements Pvt Ltd,India,,,Software Development,Mid,1-5 Years,Talent
TAL0092,Java backend Developer,Zone IT Solutions,"Gurugram, HR, IN",,,Software Development,Mid,1-5 Years,Talent
TAL0093,Java Backend Developer,N Consulting Ltd,"Pimpri-Chinchwad, Pune Division, India",,,Software Development,Mid,1-5 Years,Talent
TAL0094,Java Backend Developer,Worldline,"Pune, Maharashtra, India",,,Software Development,Mid,1-5 Years,Talent
TAL0095,Java Backend Lead,Coforge,"Bengaluru, Karnataka, India",,,Software Development,Senior,1-5 Years,Talent
TAL0096,Java BackEnd Lead,Axiom Software Solutions Limited,"Bengaluru, KA, IN",,,Software Development,Senior,1-5 Years,Talent
TAL0097,Backend Developer - Java,DATAART TECHNOLOGIES INDIA PRIVATE LIMITED,Bangalore,,,Software Development,Mid,1-5 Years,Talent
TAL0098,Backend Java,Redian Software Global,"Gurgaon, Haryana, India",,,Software Development,Mid,1-5 Years,Talent
TAL0099,Java Backend Developer,Anlage Infotech (India) P Ltd,"Aurangabad, IN",,,Software Development,Mid,1-5 Years,Talent
TAL0100,Java Backend Developer,Smarsh,"Bengaluru, Karnataka, India",,,Software Development,Mid,1-5 Years,Talent
TAL0101,Java Backend developer,Stackave Solutions,"Bengaluru, Karnataka, India",,,Software Development,Mid,1-5 Years,Talent
TAL0102,JAVA Backend LeadArchitect,TalentOla,"Bangalore, Karnataka, India",,,Software Development,Senior,1-5 Years,Talent
TAL0103,Java Backend Developer,Amantya Technologies,"Gurugram, Haryana, India",,,Software Development,Mid,1-5 Years,Talent
TAL0104,Java Backend,myGwork,"India - Bengaluru, India",,,Software Development,Mid,1-5 Years,Talent
TAL0105,Java Backend Engineer,Aditi India,"Pune, Maharashtra, India",,,Software Development,Mid,1-5 Years,Talent
TAL0106,Java Backend Engineer,Birdeye,India,,,Software Development,Mid,1-5 Years,Talent
TAL0107,Backend Lead,Proclink,"Hyderabad, Telangana, India",,,Software Development,Senior,1-5 Years,Talent
TAL0108,Backend Engineer,preferable.ai,"Pune, MH, in",,,Software Development,Mid,1-5 Years,Talent
TAL0109,SDE3 Backend,Weekday AI,"Chennai, TN, IN",,,Software Development,Mid,1-5 Years,Talent
TAL0110,Backend Lead,"GSPANN Technologies, Inc","Bengaluru, Karnataka, India",,,Software Development,Senior,1-5 Years,Talent
TAL0111,Backend Engineer,KeyValue Software Systems,"Kochi, Kerala, India",,,Software Development,Mid,1-5 Years,Talent
TAL0112,Backend Engineer,Kounsel,"Hyderabad, Telangana, India",,,Software Development,Mid,1-5 Years,Talent
TAL0113,Backend Architect,Acme Services Private Limited,"Pune, Maharashtra, India",,,Software Development,Mid,1-5 Years,Talent
TAL0114,Backend Developer,Battlebucks,India,,,Software Development,Mid,1-5 Years,Talent
TAL0115,Backend Developer,alle,India,,,Software Development,Mid,1-5 Years,Talent
TAL0116,Backend Developer,CloudHire,"Mumbai, MH, IN",,,Software Development,Mid,1-5 Years,Talent
TAL0117,Backend Engineer,hotsourced,"Mangalore, IN",,,Software Development,Mid,1-5 Years,Talent
TAL0118,Backend Developer,Seamless Fintech Innovations Pvt Ltd,Gurgaon,,,Software Development,Mid,1-5 Years,Talent
TAL0119,Backend Developer,MTAB Technology Center P Ltd,"chennai, TN, in",,,Software Development,Mid,1-5 Years,Talent
TAL0120,Backend Java,Redian Software Global,"Gurgaon Kty., HR, in",,,Software Development,Mid,1-5 Years,Talent
TAL0121,Backend Engineer,Grow Your Staff,"Mumbai, IN",,,Software Development,Mid,1-5 Years,Talent
TAL0122,Backend Engineer,StockGro,"Bengaluru, Karnataka, India",,,Software Development,Mid,1-5 Years,Talent
TAL0123,Backend Engineer,Celstream Technologies,"Bengaluru, Karnataka, India",,,Software Development,Mid,1-5 Years,Talent
TAL0124,Backend Engineer,TabSquare.AI,"Kollam, IN",,,Software Development,Mid,1-5 Years,Talent
TAL0125,Backend Engineer,"LotusFlare, Inc.","Pune, IN",,,Software Development,Mid,1-5 Years,Talent
TAL0126,Backend Developer,TLC Worldwide,"Bengaluru, Karnataka, IN",,,Software Development,Mid,1-5 Years,Talent
TAL0127,Azure Developer,CohnReznick,"Mumbai, IN",,,Cloud,Mid,1-5 Years,Talent
TAL0128,.Net Developer - Azure Cloud,XHire.One,Mumbai,,,Cloud,Mid,1-5 Years,Talent
TAL0129,Senior Full Stack Java Developer with Azure,Datum Technologies Group,"Mumbai, Maharashtra, India",,,Cloud,Senior,1-5 Years,Talent
TAL0130,.NET Full Stack (.NET Core and React with Azure),Antal International,"Mumbai, IN",,,Cloud,Mid,1-5 Years,Talent
TAL0131,Azure Developer,MSRcosmos LLC,"Mumbai, Maharashtra, India",,,Cloud,Mid,1-5 Years,Talent
TAL0132,Freelancer - Azure Cloud Developer,Norconsulting Global Recruitment,"Mumbai, IN",,,Cloud,Mid,1-5 Years,Talent
TAL0133,Microsoft Developer,TotalEnergies,"Mumbai, Maharashtra, India",,,Software Development,Mid,1-5 Years,Talent
TAL0134,Azure Cloud Developer - Full remote - contractor in USD,All European Careers,"Mumbai, IN",,,Cloud,Executive,1-5 Years,Talent
TAL0135,Dot NET Azure L2 / L3 Support-( Hybrid-Bangalore),DigiHelic Solutions Pvt. Ltd.,"Mumbai, IN",,,Cloud,Mid,1-5 Years,Talent
TAL0136,Azure Cloud Developer - Data Factory,Talpro,Mumbai,,,Cloud,Executive,1-5 Years,Talent
TAL0137,TCS Hiring for Elasticsearch Developer,Tata Consultancy Services,"Mumbai, Maharashtra, India",,,Software Development,Mid,1-5 Years,Talent
TAL0138,.Net 6 Developer with Azure,Oracle,"MUMBAI, MAHARASHTRA, India",,,Cloud,Mid,1-5 Years,Talent
TAL0139,Senior Dotnet Developer,IT Global,"Mumbai, IN",,,Software Development,Senior,1-5 Years,Talent
TAL0140,.NET and Azure API Developer,Luxoft,"Mumbai, IN",,,Cloud,Mid,1-5 Years,Talent
TAL0141,".NET Developer (Angular / React, Azure)",Funic Tech,"Mumbai, IN",,,Cloud,Mid,1-5 Years,Talent
TAL0142,Azure Application developer,Anicalls (Pty) Ltd,"Mumbai, India",,,Cloud,Mid,1-5 Years,Talent
TAL0143,Azure Backend Developer,Zones,"Bombay, India",,,Cloud,Mid,1-5 Years,Talent
TAL0144,Django Developer with AWS / Azure Cloud Deployment Experience,Daixta,"Mumbai, IN",,,Cloud,Mid,1-5 Years,Talent
TAL0145,Azure Admin,ScaleneWorks,"Mumbai, Maharashtra, India",,,Cloud,Mid,1-5 Years,Talent
TAL0146,Python Developer,GREATBELL HR Consultancy Services PVT LTD,"Ernakulam, Kerala, India",,,Software Development,Mid,1-5 Years,Talent
TAL0147,Python Developer,Recro,"Coimbatore, IN",,,Software Development,Mid,1-5 Years,Talent
TAL0148,Python Developer,"Astir IT Solutions, Inc.","Pune, Maharashtra, India",,,Software Development,Mid,1-5 Years,Talent
TAL0149,Python Developer,Grey Chain,"Gurugram, Haryana, India",,,Software Development,Mid,1-5 Years,Talent
TAL0150,Python Developer,Hays,"Bengaluru, Karnataka, India",,,Software Development,Mid,1-5 Years,Talent
TAL0151,Python Developer,Delta Velocity,"Gurgaon, Haryana, India",,,Software Development,Mid,1-5 Years,Talent
TAL0152,Python Developer,EMB Global,"Bengaluru, Karnataka, India",,,Software Development,Mid,1-5 Years,Talent
TAL0153,Python Developer,DeepVox AI,"Hyderabad, Telangana, India",,,Software Development,Mid,1-5 Years,Talent
TAL0154,Python Developer,GoldenHire Consultancy,"Delhi, IN",,,Software Development,Mid,1-5 Years,Talent
TAL0155,Python Developer,Aspect Software,"Kurnool, IN",,,Software Development,Mid,1-5 Years,Talent
TAL0156,Python Developer,myGwork,"Bengaluru - Bellandur (GTP), India",,,Software Development,Mid,1-5 Years,Talent
TAL0157,Python Developer,Pi Square Technologies,"Anantapur, IN",,,Software Development,Mid,1-5 Years,Talent
TAL0158,Python Developer,Infosys,India,,,Software Development,Mid,1-5 Years,Talent
TAL0159,Python Developer,SS&C Technologies,"Coimbatore, IN",,,Software Development,Mid,1-5 Years,Talent
TAL0160,Python Developer,Synechron,India,,,Software Development,Mid,1-5 Years,Talent
TAL0161,Python Developer,Awign Expert,"Bangalore, KA, in",,,Software Development,Mid,1-5 Years,Talent
TAL0162,Python Developer,Exult Global,"Anand, IN",,,Software Development,Mid,1-5 Years,Talent
TAL0163,Python Developer,ESDS Software Solution Limited,"Nashik, Maharashtra, India",,,Software Development,Mid,1-5 Years,Talent
TAL0164,Python Developer,Servion Global Solutions,"Bikaner, IN",,,Software Development,Mid,1-5 Years,Talent
TAL0165,Python Developer,HCLTech,"Bengaluru, Karnataka, India",,,Software Development,Mid,1-5 Years,Talent
TAL0166,Web Developer,Outlier,"Delhi, India",,,Web Development,Mid,1-5 Years,Talent
TAL0167,Web Intelligence Analyst,S2T AI - AI-Powered Investigations,"Delhi, IN",,,Other,Mid,1-5 Years,Talent
TAL0168,Web Developer,MNR University,"Delhi, IN",,,Web Development,Mid,1-5 Years,Talent
TAL0169,Lead Web Developer,Lights Out Studio,"Delhi, IN",,,Web Development,Senior,1-5 Years,Talent
TAL0170,Web Analytics Specialist,NETM CORPORATE SOLUTIONS PRIVATE LIMITED,"Delhi, IN",,,Data Science / Analytics,Mid,1-5 Years,Talent
TAL0171,Laravel Web Developer,DeepSpace9 Technologies,"Delhi, India, India",,,Web Development,Mid,1-5 Years,Talent
TAL0172,Web Developer,Rooter.gg,"New Delhi, Delhi, India",,,Web Development,Mid,1-5 Years,Talent
TAL0173,System Administrator,MGT-COMMERCE GmbH,"Delhi, IN",,,Other,Mid,1-5 Years,Talent
TAL0174,Funnel / Web Designer,AuthorityZen,"Delhi, IN",,,Web Development,Mid,1-5 Years,Talent
TAL0175,Web Developer,Bridging Points Media Pvt. Ltd.,"Delhi, IN",,,Web Development,Mid,1-5 Years,Talent
TAL0176,Gmware - Senior Python Engineer - Web Scraping & Crawling,GM WARE,"Delhi, IN",,,Software Development,Senior,1-5 Years,Talent
TAL0177,Web Developer,Quorian,"Delhi, IN",,,Web Development,Mid,1-5 Years,Talent
TAL0178,ADSK8215-Software Developer III - INR,ACCELON PREMIERE CONSULTANTS PRIVATE LIMITED,"Delhi, Delhi, India",,,Software Development,Senior,1-5 Years,Talent
TAL0179,Web Application Developer,Vervent,"Delhi, IN",,,Software Development,Mid,1-5 Years,Talent
TAL0180,Web Developer,Battersea Corporate,"Delhi, NCR",,,Web Development,Mid,1-5 Years,Talent
TAL0181,Web Developer,Xraised,"Delhi, IN",,,Web Development,Mid,1-5 Years,Talent
TAL0182,Web Developer,EssentiallySports,"Delhi, IN",,,Web Development,Mid,1-5 Years,Talent
TAL0183,Software Trainee / Web developers / Web,Guidance Placement,"Delhi, NCR",,,Artificial Intelligence / Machine Learning,Intern,1-5 Years,Talent
TAL0184,WEB DESGINER,KK SERVICES,"Delhi, Delhi, India",,,Other,Mid,1-5 Years,Talent
TAL0185,Full stack Developer,Tata Consultancy Services,"Bengaluru, Karnataka, India",,,Software Development,Mid,1-5 Years,Talent
TAL0186,Full Stack Developer,Future-Able,"Davanagere, IN",,,Software Development,Mid,1-5 Years,Talent
TAL0187,Full Stack Developer,TheThreeAcross,Noida,,,Software Development,Mid,1-5 Years,Talent
TAL0188,Full Stack Developer,Outlier,"Nashik, India",,,Software Development,Mid,1-5 Years,Talent
TAL0189,Full Stack Developer,8 Views,"Hyderabad, Telangana, India",,,Software Development,Mid,1-5 Years,Talent
TAL0190,Full Stack Developer,DGTALISTS,"Kolkata, West Bengal, India",,,Software Development,Mid,1-5 Years,Talent
TAL0191,Full Stack Developer,Ccube,"Indore, Madhya Pradesh, IN",,,Software Development,Mid,1-5 Years,Talent
TAL0192,Full Stack Developer,Luxoft,"Pune, Maharashtra, India",,,Software Development,Mid,1-5 Years,Talent
TAL0193,Full Stack Developer,MAVIP Group,Indore,,,Software Development,Mid,1-5 Years,Talent
TAL0194,Full Stack Developer,Consulitng,Hyderabad,,,Software Development,Mid,1-5 Years,Talent
TAL0195,Full Stack Developer,Midpath,"Delhi, IN",,,Software Development,Mid,1-5 Years,Talent
TAL0196,Full Stack Developer,Evertreen,"Thiruvananthapuram, IN",,,Software Development,Mid,1-5 Years,Talent
TAL0197,Full Stack Developer,Ecoffset,"Visakhapatnam, IN",,,Software Development,Mid,1-5 Years,Talent
TAL0198,Full Stack Developer,Excellence and Eminence LLP,"Bangalore, KA, in",,,Software Development,Mid,1-5 Years,Talent
TAL0199,Full-stack Developer,Techanic Infotech,India,,,Software Development,Mid,1-5 Years,Talent
TAL0200,Full Stack Developer,Persistent Systems,"Pune, Maharashtra, India",,,Software Development,Mid,1-5 Years,Talent
TAL0201,Full stack Developer,Quorian,"Mangalore, IN",,,Software Development,Mid,1-5 Years,Talent
TAL0202,Full Stack Developer,Overture Rede,"Indore, Madhya Pradesh, India",,,Software Development,Mid,1-5 Years,Talent
TAL0203,Full-stack Developer,Revealer Global Solutions,"Madurai, Tamil Nadu, India",,,Software Development,Mid,1-5 Years,Talent
TAL0204,Program Manager,Insightzz,"Pune, Maharashtra, India",,,Management,Manager,6-10 Years,Talent
TAL0205,Regional Manager,Livlong 365,"Pune, Maharashtra, India",,,Management,Manager,6-10 Years,Talent
TAL0206,Manager Compliance,Skywings Advisors Pvt. Ltd.,"MH, India",,,Management,Manager,6-10 Years,Talent
TAL0207,Manager,Lifelancer,"Maharashtra, Maharashtra, India",,,Management,Manager,6-10 Years,Talent
TAL0208,Risk Analytics - Assistant Manager / Manager,bluCognition,"Pune, IN",,,Data Science / Analytics,Manager,6-10 Years,Talent
TAL0209,BD manager / Account manager- Qualtrics,dentsu,"Pune, Maharashtra, India",,,Management,Manager,6-10 Years,Talent
TAL0210,Manager,EXL,"Pune, Maharashtra, India",,,Management,Manager,6-10 Years,Talent
TAL0211,Cognitud - Manager / Senior Manager - MarTech,Cognitud Advisory Services Private Limited,"Pune, India",,,Management,Manager,6-10 Years,Talent
TAL0212,Manager / Senior Manager – Indirect Tax,FirstCry.com (BrainBees Solutions Ltd.),"Pune, Maharashtra, India",,,Management,Manager,6-10 Years,Talent
TAL0213,Senior Design Manager / Design Manager,"Helpshift, a Keywords Technology","Pune, Maharashtra, India",,,Management,Manager,6-10 Years,Talent
TAL0214,Project Manager,myGwork,"Maharashtra, India",,,Management,Manager,6-10 Years,Talent
TAL0215,Delivery Manager,Zensar Technologies,"Pune, Maharashtra, India",,,Management,Manager,6-10 Years,Talent
TAL0216,Manager / Assistant Manager – Decarbonization,TÜV SÜD,"Pune, Maharashtra, India",,,Management,Manager,6-10 Years,Talent
TAL0217,Program Manager,Authentica,"Pune, Maharashtra, India",,,Management,Manager,6-10 Years,Talent
TAL0218,Project Manager,PayNways Worldwide,"Pune, IN",,,Management,Manager,6-10 Years,Talent
TAL0219,Recruitment Manager,Credence Global Solutions,"Pune, Maharashtra, India",,,Management,Manager,6-10 Years,Talent
TAL0220,Technical Manager,AceNet,"Pune, Maharashtra, India",,,Management,Manager,6-10 Years,Talent
TAL0221,Program Manager,JCB India Ltd.,"Pune, Maharashtra, India",,,Management,Manager,6-10 Years,Talent
TAL0222,Cloud Architect,IDFC FIRST Bank,"Mumbai, Maharashtra, India",,,Cloud,Mid,1-5 Years,Talent
TAL0223,Cloud Engineer - Google Cloud Platform,Idyllic Services Pvt. Ltd.,Bangalore,,,Cloud,Mid,1-5 Years,Talent
TAL0224,Cloud Architect,Madhees,"Hyderabad, Telangana, India",,,Cloud,Mid,1-5 Years,Talent
TAL0225,Cloud Administrator,LTIMindtree,"Bengaluru, Karnataka, India",,,Cloud,Mid,1-5 Years,Talent
TAL0226,Cloud DBA,Luxoft,"Kolkata, IN",,,Cloud,Mid,1-5 Years,Talent
TAL0227,Cloud Architect,Eximietas Design,"Bengaluru, Karnataka, India",,,Cloud,Mid,1-5 Years,Talent
TAL0228,Cloud Architect - Google Cloud Platform,TECH PROJECTS INDIA PRIVATE LIMITED,Hyderabad,,,Cloud,Mid,1-5 Years,Talent
TAL0229,Cloud Engineer,NexionPro Services,"Bangalore Urban, Karnataka, India",,,Cloud,Mid,1-5 Years,Talent
TAL0230,Cloud Devops,Tata Consultancy Services,"Hyderabad, Telangana, India",,,Cloud,Mid,1-5 Years,Talent
TAL0231,Cloud Engineer,VSquare Systems Pvt. Ltd.,"Pune, Maharashtra, India",,,Cloud,Mid,1-5 Years,Talent
TAL0232,Cloud Lead,ScaleneWorks,"Chennai, Tamil Nadu, India",,,Cloud,Senior,1-5 Years,Talent
TAL0233,Cloud Architect,ITC Limited,"Mumbai, Maharashtra, India",,,Cloud,Mid,1-5 Years,Talent
TAL0234,Senior Cloud Engineer / Cloud Architect,Invincible Ocean | InvincibleMeta.AI,"Gurugram, Haryana, India",,,Cloud,Senior,1-5 Years,Talent
TAL0235,Oracle CPQ Cloud - Cloud Manager,myGwork,"BENGALURU, KARNATAKA, India",,,Cloud,Manager,1-5 Years,Talent
TAL0236,Cloud Engineer - Google Cloud Platform,Talent Socio,Jaipur,,,Cloud,Mid,1-5 Years,Talent
TAL0237,Cloud Engineer,Recro,"Kolhapur, IN",,,Cloud,Mid,1-5 Years,Talent
TAL0238,Cloud Engineer,Deltek,"Kalyan-Dombivli, IN",,,Cloud,Mid,1-5 Years,Talent
TAL0239,Cloud Engineer,Accolite,"Bengaluru, Karnataka, India",,,Cloud,Mid,1-5 Years,Talent
TAL0240,Cloud Architect,Impetus Career Consultants,"Mumbai Metropolitan Region, India",,,Cloud,Mid,1-5 Years,Talent
TAL0241,PL / SQL Developer - Core Banking,Oracle,"Bengaluru, Karnataka, India",,,Software Development,Mid,4-6 Years,Talent
TAL0242,Senior Oracle Apps Finance Functional,ORACLE,INDIA,,,Finance,Senior,4-6 Years,Talent
TAL0243,PL / SQL Developer - Core Banking,Oracle,"Bengaluru, Karnataka, India",,,Software Development,Mid,4-6 Years,Talent
TAL0244,PL / SQL Developer-Core Banking,ORACLE,INDIA,,,Software Development,Mid,4-6 Years,Talent
TAL0245,Senior Consultant- Cognos with SQL server,ORACLE,INDIA,,,Consulting,Senior,4-6 Years,Talent
TAL0246,PL / SQL Flexcube Developer,Oracle,India,,,Software Development,Mid,4-6 Years,Talent
TAL0247,PL / SQL Flexcube Developer,Oracle,"Bengaluru, Karnataka, India",,,Software Development,Mid,4-6 Years,Talent
TAL0248,Senior Engineer : Java / J2ee REST SQL Product Development,ORACLE,INDIA,,,Software Development,Senior,4-6 Years,Talent
TAL0249,Software Developer (PL / SQL),ORACLE,INDIA,,,Software Development,Mid,4-6 Years,Talent
TAL0250,"Principal Performance Engineer (DB, Golden Gate, SQL)",Oracle,"BENGALURU, KARNATAKA, India",,,Software Development,Mid,4-6 Years,Talent
TAL0251,Senior Database Developer,ORACLE,INDIA,,,Data Science / Analytics,Senior,4-6 Years,Talent
TAL0252,PL / SQL Flexcube Developer,Oracle,"Bengaluru, Karnataka, India",,,Software Development,Mid,4-6 Years,Talent
TAL0253,PL / SQL Developer - Core Banking,Oracle,India,,,Software Development,Mid,4-6 Years,Talent
TAL0254,Java - PL / SQL Developer,Oracle,India,,,Software Development,Mid,4-6 Years,Talent
TAL0255,Senior Consultant - PL / SQL Core Banking,ORACLE,INDIA,,,Consulting,Senior,4-6 Years,Talent
TAL0256,Application Support Specialist,Oracle,India,,,Other,Mid,4-6 Years,Talent
TAL0257,ODI Developer / Lead,ORACLE,INDIA,,,Software Development,Senior,4-6 Years,Talent
TAL0258,Senior Java J2ee Developer with (MS SQL Angular),ORACLE,INDIA,,,Software Development,Senior,4-6 Years,Talent
TAL0259,"Senior Member of Technical Staff (PL / SQL, CCL)",ORACLE,INDIA,,,Other,Senior,4-6 Years,Talent
TAL0260,UI Automation Testing,ValueLabs,"Hyderabad, Telangana, India",,,Quality Assurance / Testing,Mid,1-5 Years,Talent
TAL0261,Automation Testing Intern,Arcot Group,"Mumbai, MH, IN",,,Quality Assurance / Testing,Intern,1-5 Years,Talent
TAL0262,Python Automation Testing,Talent Worx,"Bengaluru, KA, IN",,,Quality Assurance / Testing,Mid,1-5 Years,Talent
TAL0263,Salesforce Automation Testing,Pi Square Technologies,"Bangalore, Karnataka, India",,,Quality Assurance / Testing,Mid,1-5 Years,Talent
TAL0264,ETL Automation Testing,Coforge,"Aligarh, IN",,,Data Science / Analytics,Mid,1-5 Years,Talent
TAL0265,Automation Testing Analyst,ADV Tech Consultancy,"Gurugram, Haryana, India",,,Quality Assurance / Testing,Mid,1-5 Years,Talent
TAL0266,Firmware Automation Testing,Cortex Consulting P Ltd,"Bangalore, Karnataka, India",,,Quality Assurance / Testing,Mid,1-5 Years,Talent
TAL0267,Automation Testing - 6A,TalentOla,"Pune, Maharashtra, India",,,Quality Assurance / Testing,Mid,1-5 Years,Talent
TAL0268,Automation Testing,Tata Consultancy Services,India,,,Quality Assurance / Testing,Mid,1-5 Years,Talent
TAL0269,Playwright Automation Testing,Randstad India,"Bangalore, Karnataka, India",,,Quality Assurance / Testing,Mid,1-5 Years,Talent
TAL0270,API Automation Testing,ObjectWin Technology India Pvt. Ltd,"KA, India",,,Quality Assurance / Testing,Mid,1-5 Years,Talent
TAL0271,Automation Testing,Worldline Global Services,"Pune, Maharashtra, India",,,Quality Assurance / Testing,Mid,1-5 Years,Talent
TAL0272,Selenium Automation Testing,Trigent Software Private Limited,"TS, India",,,Quality Assurance / Testing,Mid,1-5 Years,Talent
TAL0273,Python Automation Testing,ITIData an EXL,"Chennai, Tamil Nadu, India",,,Quality Assurance / Testing,Mid,1-5 Years,Talent
TAL0274,Duckcreek Testing- Automation,LTIMindtree,"Pune, Maharashtra, India",,,Quality Assurance / Testing,Mid,1-5 Years,Talent
TAL0275,Automation Testing Lead,Sopra Steria,"Greater Noida, Uttar Pradesh, India",,,Quality Assurance / Testing,Senior,1-5 Years,Talent
TAL0276,Python Automation Testing,DMAIC Academy & Consultancy,"Chennai, Tamil Nadu, India",,,Quality Assurance / Testing,Mid,1-5 Years,Talent
TAL0277,QA Automation Testing,Redian Software Global,"Gurgaon, Haryana, India",,,Quality Assurance / Testing,Mid,1-5 Years,Talent
TAL0278,Python Automation Testing,Client Of DMAIC Academy and Consultancy,"Chennai, Tamil Nadu, India",,,Quality Assurance / Testing,Mid,1-5 Years,Talent
TAL0279,Mainframe Automation Testing,MINDTEL GLOBAL PRIVATE LIMITED,Noida,,,Artificial Intelligence / Machine Learning,Mid,1-5 Years,Talent
TAL0280,Informatica MDM Developer / Tester,IT,Pune,,,Quality Assurance / Testing,Mid,1-5 Years,Talent
TAL0281,Application Lead - PIM / Informatica,MWIDM Staffing Services,Pune,,,Other,Senior,1-5 Years,Talent
TAL0282,Freelance Informatica Developer,Leading MNC,"Pune, IN",,,Software Development,Mid,1-5 Years,Talent
TAL0283,Salesforce Migration,Tekgence Inc,"Pune, Maharashtra, India",,,Buisness Analytics,Mid,1-5 Years,Talent
TAL0284,Informatica IICS with CAI Developer,TribolaTech Inc,"Pune, IN",,,Artificial Intelligence / Machine Learning,Mid,1-5 Years,Talent
TAL0285,Informatica Master Data management(MDM),VARITE INC,"Pune, Maharashtra, India",,,Data Science / Analytics,Mid,1-5 Years,Talent
TAL0286,Power BI Developer,AceNet,"Pune, Maharashtra, India",,,Software Development,Mid,1-5 Years,Talent
TAL0287,Database Developer - SQL Server,Longfinch Technologies,Pune,,,Data Science / Analytics,Mid,1-5 Years,Talent
TAL0288,Informatica - Sr. Data Engineer (IICS / IDMC),Exusia,"Pune, Maharashtra, IN",,,Data Science / Analytics,Senior,1-5 Years,Talent
TAL0289,Apptad - Senior MDM Developer - ETL,Apptad Technologies Pvt Ltd.,Pune,,,Data Science / Analytics,Senior,1-5 Years,Talent
TAL0290,Informatica Production Support Developer,VALUTEK Technologies Pvt Ltd,Pune,,,Software Development,Mid,1-5 Years,Talent
TAL0291,Swiftwin - Informatica Developer,Nexthire,"Pune, India",,,Software Development,Mid,1-5 Years,Talent
TAL0292,Zensar Technologies - ETL Developer - Informatica / Power Center,Zensar Technologies,Pune,,,Data Science / Analytics,Mid,1-5 Years,Talent
TAL0293,Informatica MDM,Netlink,Pune,,,Other,Mid,1-5 Years,Talent
TAL0294,Informatica CDQ with IDMC Developer,RandomTrees,"Pune, IN",,,Software Development,Mid,1-5 Years,Talent
TAL0295,Analyst / Consultant - Informatica MDM Developer (INDM),Blue Altair,"Pune, MH, IN",,,Software Development,Mid,1-5 Years,Talent
TAL0296,Informatica MDM Developer - Data Modeling & ETL,HNM Solutions,Pune,,,Data Science / Analytics,Mid,1-5 Years,Talent
TAL0297,DataLake Cloud Platform Administrator - Informatica IICS,ACENET CONSULTING PRIVATE LIMITED,Pune,,,Cloud,Mid,1-5 Years,Talent
TAL0298,doodleblue Innovations - Data Engineer - Talend / Informatica,doodleblue Innovations Private Limited,Pune,,,Data Science / Analytics,Mid,1-5 Years,Talent
TAL0299,"Automation Engineer, RPA",Evolent,"Delhi, IN",,,Software Development,Mid,1-5 Years,Talent
TAL0300,Senior Solutions Consultant,Enate,"Delhi, IN",,,Consulting,Senior,1-5 Years,Talent
TAL0301,Data Analyst,Wimmer Solutions,"Delhi, IN",,,Data Science / Analytics,Mid,1-5 Years,Talent
TAL0302,Security Engineer - Blue Team,BKN301,"Delhi, IN",,,Software Development,Mid,1-5 Years,Talent
TAL0303,Blue Yonder OMS Product Manager,WILLWARE TECHNOLOGIES PRIVATE LIMITED,"Delhi, IN",,,Management,Manager,1-5 Years,Talent
TAL0304,.Net Developer - C# / AngularJS,QUESS,"Delhi, IN",,,Software Development,Mid,1-5 Years,Talent
TAL0305,JDA / Blue Yonder Developer,Ntrix,"Delhi, IN",,,Software Development,Mid,1-5 Years,Talent
TAL0306,HR- Recruiter / Manpower Supervisor - Blue Collar,ATMS,"Delhi, Delhi, India",,,Human Resources,Mid,1-5 Years,Talent
TAL0307,Data Annotation Quality Analyst,hotsourced,"Delhi, IN",,,Data Science / Analytics,Mid,1-5 Years,Talent
TAL0308,Automation Engineer,Readywire,"Delhi, IN",,,Software Development,Mid,1-5 Years,Talent
TAL0309,RPA Developer - Automation Anywhere,Follex Technology,"Delhi, IN",,,Software Development,Mid,1-5 Years,Talent
TAL0310,Talent Acquisition Specialist - Blue Collar,AKMV Consultants Pvt Ltd,"Delhi, DL, in",,,Human Resources,Mid,1-5 Years,Talent
TAL0311,JDA / WMS Developer - Blue Yonder Platform,Coders Brain Technology Private Limited,"Delhi, IN",,,Software Development,Mid,1-5 Years,Talent
TAL0312,RPA Developer - Automation Anywhere / UiPath,QX GLOBAL SERVICES PRIVATE LIMITED,"Delhi, IN",,,Software Development,Mid,1-5 Years,Talent
TAL0313,Orthoptic Technologist - Oman,The Medical City for Military & Security Services,"Delhi, India, India",,,Other,Mid,1-5 Years,Talent
TAL0314,Practice Manager - Data Engineering,Hiring Prism LLP,Delhi,,,Data Science / Analytics,Manager,1-5 Years,Talent
TAL0315,Power Platform Lead,Talent21 Management and Shared Service Pvt Ltd,"Delhi, IN",,,Other,Senior,1-5 Years,Talent
TAL0316,Production Chemist,Blue Panther,"Delhi, NCR",,,Other,Mid,1-5 Years,Talent
TAL0317,Oracle Functional Consultant,ELEGANCE GLOBAL IT SERVICES PRIVATE LIMITED,"Delhi, IN",,,Consulting,Mid,6-10 Years,Talent
TAL0318,Oracle HCM,Tata Consultancy Services,"Delhi, India, India",,,Other,Mid,6-10 Years,Talent
TAL0319,Oracle APEX Developer,Coders Brain Technology Private Limited,"Delhi, IN",,,Software Development,Mid,6-10 Years,Talent
TAL0320,Oracle Middleware Administrator,Oracle,"New Delhi, Delhi, India",,,Other,Mid,6-10 Years,Talent
TAL0321,Oracle UIM Developer,Longfinch Technologies,"Delhi, IN",,,Software Development,Mid,6-10 Years,Talent
TAL0322,Oracle HCM Technical,MPC Cloud Consulting Pvt Ltd,"Delhi, IN",,,Other,Mid,6-10 Years,Talent
TAL0323,Oracle Functional Consultant,TalentBridge,"Delhi, IN",,,Consulting,Mid,6-10 Years,Talent
TAL0324,Oracle HRMS Consultant,DWT Technology,"Delhi, IN",,,Consulting,Mid,6-10 Years,Talent
TAL0325,Oracle IDAM,Overture Rede,"Delhi, Delhi, India",,,Other,Mid,6-10 Years,Talent
TAL0326,Oracle Consultant,CrossTab IT Consulting,"Delhi, IN",,,Consulting,Mid,6-10 Years,Talent
TAL0327,Oracle EPM Architect,Thryve Digital Health LLP,"Delhi, IN",,,Software Development,Mid,6-10 Years,Talent
TAL0328,Oracle CPQ Consultant,K&K Talents - India,"Delhi, IN",,,Consulting,Mid,6-10 Years,Talent
TAL0329,Oracle Functional Consultant,Trantor,"Delhi, IN",,,Consulting,Mid,6-10 Years,Talent
TAL0330,Oracle EPM Consultant,Best Infosystems Ltd.,"Delhi, IN",,,Consulting,Mid,6-10 Years,Talent
TAL0331,Oracle Support Manager,"LanceSoft, Inc","Delhi, IN",,,Management,Manager,6-10 Years,Talent
TAL0332,Oracle CPQ Developer,NETM CORPORATE SOLUTIONS PRIVATE LIMITED,"Delhi, IN",,,Software Development,Mid,6-10 Years,Talent
TAL0333,Oracle Project Manager,Intellicore Consulting Group,"Delhi, IN",,,Management,Manager,6-10 Years,Talent
TAL0334,AGM - Customer Service Solutions,Golden Opportunities,"Delhi, IN",,,Other,Mid,1-5 Years,Talent
TAL0335,Cloud Solutions Architect,Ally-eXecutive HR,"Greater Delhi Area, India",,,Cloud,Mid,1-5 Years,Talent
TAL0336,Cloud Engineer - Azure Solutions,Impetus Career Consultants Private Limited,"Delhi, IN",,,Cloud,Mid,1-5 Years,Talent
TAL0337,.Net Solutions Architect,Altudo,"Greater Delhi Area, India",,,Software Development,Mid,1-5 Years,Talent
TAL0338,Multi Solutions Architect,dentsu,New delhi,,,Software Development,Mid,1-5 Years,Talent
TAL0339,Solutions Architect,Birlasoft,"Greater Delhi Area, India",,,Software Development,Mid,1-5 Years,Talent
TAL0340,Advaiya Solutions - Solutions Architect - React.js / Next.js,Advaiya Solutions Pvt. Ltd.,"Delhi, IN",,,Artificial Intelligence / Machine Learning,Mid,1-5 Years,Talent
TAL0341,Infrastructure Solutions Engineer,Control Risks,"Delhi, DL, IN",,,Software Development,Mid,1-5 Years,Talent
TAL0342,Cloud Solutions Architect,Iyer Analytics Agency,"Delhi, IN",,,Cloud,Mid,1-5 Years,Talent
TAL0343,ML Engineer – AI Solutions,Wadhwani Foundation,"Delhi, DL, in",,,Artificial Intelligence / Machine Learning,Mid,1-5 Years,Talent
TAL0344,Senior Solutions Consultant,Enate,"Delhi, IN",,,Consulting,Senior,1-5 Years,Talent
TAL0345,HR consultant-assessment solutions,Central Test,"Delhi, IN",,,Consulting,Mid,1-5 Years,Talent
TAL0346,Solutions Architect,Magure India,"Delhi, IN",,,Software Development,Mid,1-5 Years,Talent
TAL0347,"Technical Solutions Executive, Construction",myGwork,"New Delhi, D, India",,,Other,Mid,1-5 Years,Talent
TAL0348,Solutions Architect,CBTS,"Delhi, IN",,,Software Development,Mid,1-5 Years,Talent
TAL0349,Solutions Architect,Tata Consultancy Services,"New Delhi, Delhi, India",,,Software Development,Mid,1-5 Years,Talent
TAL0350,Evoort Solutions - MLOps Engineer - Cloud Based Solutions,Evoort Solutions,"Delhi, IN",,,Artificial Intelligence / Machine Learning,Mid,1-5 Years,Talent
TAL0351,Boomi Developer - Integration Solutions,stalwart Innovations,"Delhi, IN",,,Software Development,Mid,1-5 Years,Talent
TAL0352,TravClan - Software Development Engineer I - Backend Architecture,Travclan,Delhi,,,Software Development,Entry,1-5 Years,Talent
TAL0353,SDE III Backend,SuperAGI,"Delhi, IN",,,Software Development,Senior,1-5 Years,Talent
TAL0354,iOS Developer - SWIFT Programming,Bio Tribe,"Delhi, IN",,,Software Development,Mid,1-5 Years,Talent
TAL0355,SDE II,Monk Commerce,"Delhi, IN",,,Other,Mid,1-5 Years,Talent
TAL0356,SDE-2 (Backend),Baazi Games,"Delhi, India, India",,,Software Development,Mid,1-5 Years,Talent
TAL0357,SDE 2 Backend ( CORE JAVA + MULTITHREADING ),ARRISE powering Pragmatic Play,"Delhi, IN",,,Software Development,Mid,1-5 Years,Talent
TAL0358,Senior Software Developer (SDE II) - Full Stack,Stir,"New Delhi, Delhi, India",,,Software Development,Senior,1-5 Years,Talent
TAL0359,"SDE, Amazon CS (Level 5), CHEX",myGwork,"Delhi, India",,,Other,Mid,1-5 Years,Talent
TAL0360,Senior Python Django Developer,FreJun,"Delhi, IN",,,Software Development,Senior,1-5 Years,Talent
TAL0361,SDE II,CarInfo,"North Delhi, Delhi, India",,,Other,Mid,1-5 Years,Talent
TAL0362,Software Develoment Engineer (Java),Talent Nexa Consulting,"Delhi, Delhi, India",,,Software Development,Mid,1-5 Years,Talent
TAL0363,Amazon - Software Development Engineer II - System Design & Architecture,Amazon Development Centre (India) Pvt. Ltd.,"Delhi, IN",,,Software Development,Senior,1-5 Years,Talent
TAL0364,Freecharge - Lead Software Development Engineer - Java Technologies,Freecharge Payment Technologies Pvt Ltd,"Delhi, IN",,,Software Development,Senior,1-5 Years,Talent
TAL0365,Software Development Engineer II - Java / Golang,TechPoppy,"Delhi, IN",,,Software Development,Senior,1-5 Years,Talent
TAL0366,Firewall Developer,Nurture HRM,"Delhi, IN",,,Software Development,Mid,1-5 Years,Talent
TAL0367,SDE - 2,Pepper Content,"Delhi, IN",,,Other,Mid,1-5 Years,Talent
TAL0368,SDE-III MLOps,Talentoj,"Delhi, IN",,,Artificial Intelligence / Machine Learning,Entry,1-5 Years,Talent
TAL0369,"SDE Security ( Full Time, Remote)",Hike,"DL, IN",,,Other,Mid,1-5 Years,Talent
TAL0370,Software Development Engineer II - React.js / AngularJS,VLaunchU,"Delhi, IN",,,Web Development,Senior,1-5 Years,Talent
TAL0371,Marketing,Vidhyashala,"Noida, Uttar Pradesh, India",,,Marketing,Mid,1-5 Years,Talent
TAL0372,Growth Marketing Lead - Performance Marketing,Global Talent Exchange,"Bangalore, India",,,Marketing,Senior,1-5 Years,Talent
TAL0373,Marketing Specialist,Whyte Farms,"South Delhi, Delhi, India",,,Marketing,Mid,1-5 Years,Talent
TAL0374,Marketing Intern,Solv,India,,,Marketing,Intern,1-5 Years,Talent
TAL0375,Marketing Manager,BotLab Dynamics,"Delhi, India, India",,,Marketing,Manager,1-5 Years,Talent
TAL0376,Digital Marketing Performance Marketing Intern,Wirality,"Bangalore, Karnataka, India",,,Marketing,Intern,1-5 Years,Talent
TAL0377,Marketing Manager,Saffron Tech Pvt Ltd,India,,,Marketing,Manager,1-5 Years,Talent
TAL0378,Marketing Manager,Recro,India,,,Marketing,Manager,1-5 Years,Talent
TAL0379,Marketing Executive,Columbus Vacations Private Limited,"Hyderabad, Telangana, India",,,Marketing,Mid,1-5 Years,Talent
TAL0380,Segment Marketing,Schneider Electric,"Gurugram, Haryana, India",,,Marketing,Mid,1-5 Years,Talent
TAL0381,Digital Marketing Executive (Marketing Operations),CallHub Talent,India,,,Marketing,Mid,1-5 Years,Talent
TAL0382,Marketing Intern,The Test Tribe,India,,,Marketing,Intern,1-5 Years,Talent
TAL0383,Manager - Marketing,Eurofins,"Bengaluru, Karnataka, India",,,Marketing,Manager,1-5 Years,Talent
TAL0384,Marketing Director,Cellecor Gadgets Ltd.,"Delhi, India, India",,,Marketing,Director,1-5 Years,Talent
TAL0385,Marketing Branding,Progenesis IVF Fertility Center,India,,,Marketing,Mid,1-5 Years,Talent
TAL0386,Marketing Intern,Level SuperMind,India,,,Marketing,Intern,1-5 Years,Talent
TAL0387,Marketing Manager,Protein World,"Gurugram, Haryana, India",,,Marketing,Manager,1-5 Years,Talent
TAL0388,Marketing Manager,Unacademy,"Prayagraj, Uttar Pradesh, India",,,Marketing,Manager,1-5 Years,Talent
TAL0389,Marketing Specialist,RoboMQ,India,,,Marketing,Mid,1-5 Years,Talent
TAL0390,Retention Intern,Truemeds,"Mumbai, Maharashtra, India",,,Other,Intern,0 Years,Talent
TAL0391,Marketing Intern,Pepper Content,"Mumbai, Maharashtra, India",,,Marketing,Intern,0 Years,Talent
TAL0392,Sales Intern,Raveone Consultants,"Mumbai, Maharashtra, India",,,Buisness Analytics,Intern,0 Years,Talent
TAL0393,Operations Intern,Zeno Health,"Mumbai, Maharashtra, India",,,Other,Intern,0 Years,Talent
TAL0394,Marketing Intern,The Face Shop India Official,"Mumbai, Maharashtra, India",,,Marketing,Intern,0 Years,Talent
TAL0395,Marketing Intern,Level SuperMind,"Mumbai, Maharashtra, India",,,Marketing,Intern,0 Years,Talent
TAL0396,Marketing Intern,Dodla Digital,"Mumbai, IN",,,Marketing,Intern,0 Years,Talent
TAL0397,Intern,MetaMorph,"Mumbai Metropolitan Region, India",,,Other,Intern,0 Years,Talent
TAL0398,Architectural Intern,Urbanica,"Mumbai, IN",,,Software Development,Intern,0 Years,Talent
TAL0399,Accounts Intern,Arcot Group,"Mumbai, MH, IN",,,Other,Intern,0 Years,Talent
TAL0400,Legal Intern,Aerie Law,"Mumbai, IN",,,Other,Intern,0 Years,Talent
TAL0401,SEO Intern,Schbang,"Mumbai, Maharashtra, India",,,Marketing,Intern,0 Years,Talent
TAL0402,Marketing Intern,Young Filmistaan,"Mumbai, Maharashtra, India",,,Marketing,Intern,0 Years,Talent
TAL0403,Operations Intern,NextGrowth Labs,"Lower Parel, Mumbai, MH, IN",,,Other,Intern,0 Years,Talent
TAL0404,Intern,Interactive Avenues,"Mumbai, Maharashtra, India",,,Other,Intern,0 Years,Talent
TAL0405,Marketing Intern,Rusk Media,"Mumbai, Maharashtra, India",,,Marketing,Intern,0 Years,Talent
TAL0406,DevOps Intern,Quartic.ai,"Mumbai, IN",,,DevOps,Intern,0 Years,Talent
TAL0407,MIS Intern,Rebel Foods,"Mumbai, Maharashtra, India",,,Other,Intern,0 Years,Talent
TAL0408,Goodfellows Intern,Goodfellows India,"Mumbai, Maharashtra, India",,,Other,Intern,0 Years,Talent
TAL0409,Communication Intern,Condé Nast India,"Mumbai, Maharashtra, India",,,Other,Intern,0 Years,Talent
TAL0410,Big Data Engineer,Nagarro,India,,,Data Science / Analytics,Mid,1-5 Years,Talent
TAL0411,Big Data Specialist,Infosys,India,,,Data Science / Analytics,Mid,1-5 Years,Talent
TAL0412,Big Data Engineer,Saaki Argus & Averil Consulting,"Bengaluru, Karnataka, India",,,Data Science / Analytics,Mid,1-5 Years,Talent
TAL0413,Big Data Specialist,Cybage Software,"Pune, Maharashtra, India",,,Data Science / Analytics,Mid,1-5 Years,Talent
TAL0414,Big Data Lead,Recro,"Pune, Maharashtra, India",,,Data Science / Analytics,Senior,1-5 Years,Talent
TAL0415,Big Data Developer -,Prakhar Software Solutions Private Limited,Bangalore,,,Data Science / Analytics,Mid,1-5 Years,Talent
TAL0416,Big Data Developer,BDNT Labs Private Limited,"Pune, Maharashtra, India",,,Data Science / Analytics,Mid,1-5 Years,Talent
TAL0417,Big Data Consultant,Synechron,India,,,Data Science / Analytics,Mid,1-5 Years,Talent
TAL0418,Big Data Developer,Agile Technology Solutions - Your Technology Partner,"Pune, Maharashtra, India",,,Data Science / Analytics,Mid,1-5 Years,Talent
TAL0419,BIg data,Zodiac HR,"Mumbai, Maharashtra, India",,,Data Science / Analytics,Mid,1-5 Years,Talent
TAL0420,Big Data Consultant,Impetus,"Noida, Uttar Pradesh, India",,,Data Science / Analytics,Mid,1-5 Years,Talent
TAL0421,Big Data Developer,LION & ELEPHANTS,"Vadodara, IN",,,Data Science / Analytics,Mid,1-5 Years,Talent
TAL0422,Big Data Developer,LTIMindtree,India,,,Data Science / Analytics,Mid,1-5 Years,Talent
TAL0423,Big Data Architect,Quick Heal,India,,,Data Science / Analytics,Mid,1-5 Years,Talent
TAL0424,Big Data Developer,HCLTech,India,,,Data Science / Analytics,Mid,1-5 Years,Talent
TAL0425,Big Data Developer,Hrizen Techno Services,Chennai,,,Data Science / Analytics,Mid,1-5 Years,Talent
TAL0426,Big Data Engineer,Whopper Technologies,"Hyderabad, Telangana, India",,,Data Science / Analytics,Mid,1-5 Years,Talent
TAL0427,AWS Cloud Solutions Architect (DevOps + MLOps),Waltcorp,"Meerut, IN",,,Artificial Intelligence / Machine Learning,Mid,4-6 Years,Talent
TAL0428,Devops Migration Architect,SourceFuse,"Meerut, IN",,,DevOps,Mid,4-6 Years,Talent
TAL0429,Full Stack Engineer,Lingopal,"Meerut, IN",,,Software Development,Mid,4-6 Years,Talent
TAL0430,Senior AWS Data Engineer,CYAN360,"Meerut, IN",,,Cloud,Senior,4-6 Years,Talent
TAL0431,"Developer (Python, AWS, POS Integration)",RealTime Networking LLC,"Meerut, IN",,,Cloud,Mid,4-6 Years,Talent
TAL0432,Senior AWS Windows SecOps,Arcane Strategies,"Meerut, IN",,,Cloud,Senior,4-6 Years,Talent
TAL0433,Centilytics - AWS Cloud Engineer - CloudFormation,Centilytics,"Uttar Pradesh, IN",,,Cloud,Mid,4-6 Years,Talent
TAL0434,Django Developer with AWS / Azure Cloud Deployment Experience,Daixta,"Meerut, IN",,,Cloud,Mid,4-6 Years,Talent
TAL0435,"Java Developer (Microservices, Spring Boot, AWS) 5+ Years",Funic Tech,"Meerut, IN",,,Cloud,Mid,4-6 Years,Talent
TAL0436,Senior Java AWS Developer,TVS Next,"Meerut, IN",,,Cloud,Senior,4-6 Years,Talent
TAL0437,DevOps Engineer (remote for Dubai company),Quantum Talent Group,"Meerut, IN",,,Artificial Intelligence / Machine Learning,Mid,4-6 Years,Talent
TAL0438,Data Engineer,Beyondsoft,"Meerut, IN",,,Data Science / Analytics,Mid,4-6 Years,Talent
TAL0439,Sr.DevOps Engineer,Clovertex,"Meerut, IN",,,DevOps,Senior,4-6 Years,Talent
TAL0440,.NET on AWS,Cloud Packets,"Meerut, IN",,,Cloud,Mid,4-6 Years,Talent
TAL0441,TCS Hiring for AWS Migration Architect_PAN India,Tata Consultancy Services,"Meerut, IN",,,Cloud,Mid,4-6 Years,Talent
TAL0442,Customer Success Manager,nOps,"Meerut, IN",,,Management,Manager,4-6 Years,Talent
TAL0443,Lead Data Engineer,EverAdNet Media,"Meerut, IN",,,Data Science / Analytics,Senior,4-6 Years,Talent
TAL0444,AWS Engineer (Infrastructure & DevOps),Programmers.io,"Meerut, IN",,,Cloud,Mid,4-6 Years,Talent
TAL0445,"Back End Developer - Python, Node.js, AWS (Remote)",Photocert,"Meerut, IN",,,Cloud,Mid,4-6 Years,Talent
TAL0446,Senior Java Software Engineer,Curately.ai,"Meerut, IN",,,Software Development,Senior,4-6 Years,Talent
TAL0447,Consultant,HCLTech,India,,,Consulting,Mid,1-5 Years,Talent
TAL0448,Consultant / Senior Consultant,Deallus,"Gurugram, Haryana, IN",,,Consulting,Senior,1-5 Years,Talent
TAL0449,Consultant,Talent Corner HR Services Pvt Ltd,"Goregaon, Maharashtra, India",,,Consulting,Mid,1-5 Years,Talent
TAL0450,Consultant,CA Monk,"Chennai, Tamil Nadu, India",,,Consulting,Mid,1-5 Years,Talent
TAL0451,Consultant,Overture Rede,"Delhi, Delhi, India",,,Consulting,Mid,1-5 Years,Talent
TAL0452,Consultant,Mount Talent Consulting Pvt Ltd.,"Mumbai, Maharashtra, India",,,Consulting,Mid,1-5 Years,Talent
TAL0453,Consultant,insightsoftware,"Hyderabad, Telangana, India",,,Consulting,Mid,1-5 Years,Talent
TAL0454,Consultant,Lifelancer,"Maharashtra, Maharashtra, India",,,Consulting,Mid,1-5 Years,Talent
TAL0455,Consultant,Sapien Strategic Consulting LLP (RISE),India,,,Consulting,Mid,1-5 Years,Talent
TAL0456,Consultant,AQM Technologies,"Mumbai, Maharashtra, India",,,Consulting,Mid,1-5 Years,Talent
TAL0457,Consultant,Deloitte,"Mumbai Metropolitan Region, India",,,Consulting,Mid,1-5 Years,Talent
TAL0458,Consultant,Birlasoft,India,,,Consulting,Mid,1-5 Years,Talent
TAL0459,Consultant,Luxoft India,"Thiruvananthapuram, IN",,,Consulting,Mid,1-5 Years,Talent
TAL0460,Consultant,Alp Consulting Ltd.,"Chennai, Tamil Nadu, India",,,Consulting,Mid,1-5 Years,Talent
TAL0461,Cloud Architect - IT Asset Management,Consultant,Bangalore,,,Cloud,Mid,1-5 Years,Talent
TAL0462,Consultant,Conscious Humanity Network Foundation - Global Non-profit Aggregator and Communities,"Prayagraj(Allahabad), IN",,,Consulting,Mid,1-5 Years,Talent
TAL0463,Consultant,GlobalLogic,"Noida, Uttar Pradesh, India",,,Consulting,Mid,1-5 Years,Talent
TAL0464,Consultant,ZoomRx,"Gurugram, Haryana, India",,,Consulting,Mid,1-5 Years,Talent
TAL0465,Consultant,TRANSRURAL,"Begusarai, Bihar, India",,,Consulting,Mid,1-5 Years,Talent
TAL0466,Consultant,Rizing Consumer Industries,"Bengaluru, Karnataka, India",,,Consulting,Mid,1-5 Years,Talent
TAL0467,Sr. Developer - Angular & NestJS,CloudHire,IN,,,Software Development,Senior,4-6 Years,Talent
TAL0468,Sales Executive,Facts Online Private Limited,"Thane, Maharashtra, India",,,Buisness Analytics,Mid,4-6 Years,Talent
TAL0469,IBS Design,Mindpool Technologies,"Noida, Uttar Pradesh, India",,,Other,Mid,4-6 Years,Talent
TAL0470,Freelance Graphic Designer,LRN Corporation,"Mumbai, MH, IN",,,Software Development,Mid,4-6 Years,Talent
TAL0471,Electrician,Sodexo India,"DLF Road, APHB Colony, TCS Synergy park, Jayabheri Enclave, Gachibowli, Hyderabad, Telangana, India",,,Other,Mid,4-6 Years,Talent
TAL0472,Associate Network Security Engineer,Qode,"Bengaluru, KA, IN",,,Software Development,Mid,4-6 Years,Talent
TAL0473,QA Apply type IN,QAautomation,"Bommasandra, Karnataka",,,Quality Assurance / Testing,Mid,4-6 Years,Talent
TAL0474,GROUND INSTRUCTOR (TECHNICAL),CAE,Gondia,,,Other,Executive,4-6 Years,Talent
TAL0475,JR. Software developer,Staff4Me,"Pune Okayama Friendship Garden, MH, IN",,,Software Development,Entry,4-6 Years,Talent
TAL0476,Quality Analyst (Non-IT),IMS Group,"Ahmedabad, Gujarat, India",,,Other,Entry,4-6 Years,Talent
TAL0477,Head of outsourced Call-center (with Business Development experience),Group of companies Eurasia,"Gurugram, HR, IN",,,Buisness Analytics,Director,4-6 Years,Talent
TAL0478,Talent Acquisition Head - Remote / Office,Abacus Consultants,"517, 3rd Floor, Anchor Mall, Ajmer Road, Civil Lines, Jaipur",,,Human Resources,Director,4-6 Years,Talent
TAL0479,Production Support,N Consulting Ltd,"Pimpri-Chinchwad, Pune Division, India",,,Other,Mid,4-6 Years,Talent
TAL0480,Field Operations Executive | Thane - Mumbai| B.Sc Chem / Agri / Zoology,Rentokil Initial,"Mumbai, MH, IN",,,Artificial Intelligence / Machine Learning,Mid,4-6 Years,Talent
TAL0481,Marketing Analyst,Elevation Capital,"Andheri, MH, IN",,,Marketing,Mid,4-6 Years,Talent
TAL0482,Institutional sales,Delta Exchange,IN,,,Buisness Analytics,Mid,4-6 Years,Talent
TAL0483,US Audit - Senior Associate,Bahwan Cybertek Group,"Chennai, TN, IN",,,Other,Senior,4-6 Years,Talent
TAL0484,Senior Software Engineer,BlackStone eIT,IN,,,Software Development,Senior,4-6 Years,Talent
TAL0485,Quality Assurance Engineer,Dexian India,"Guntur, IN",,,Quality Assurance / Testing,Mid,1-5 Years,Talent
TAL0486,Quality Assurance Engineer,People Prime Worldwide,India,,,Quality Assurance / Testing,Mid,1-5 Years,Talent
TAL0487,Quality Assurance Engineer,Dewon Electric,India,,,Quality Assurance / Testing,Mid,1-5 Years,Talent
TAL0488,Quality Assurance Engineer,Scageon,"Bengaluru, Karnataka, India",,,Quality Assurance / Testing,Mid,1-5 Years,Talent
TAL0489,Quality Assurance Engineer,OpenText,"Bengaluru, Karnataka, India",,,Quality Assurance / Testing,Mid,1-5 Years,Talent
TAL0490,Quality Assurance Engineer,vidaXL,"Hyderabad, Telangana, India",,,Quality Assurance / Testing,Mid,1-5 Years,Talent
TAL0491,Quality Assurance Engineer,Xemplar Insights,"Hyderabad, Telangana, India",,,Quality Assurance / Testing,Mid,1-5 Years,Talent
TAL0492,Quality Assurance Engineer,HiroJet,"Bengaluru, Karnataka, India",,,Quality Assurance / Testing,Mid,1-5 Years,Talent
TAL0493,Quality Assurance Engineer,Eloelo,"Bengaluru, Karnataka, India",,,Quality Assurance / Testing,Mid,1-5 Years,Talent
TAL0494,Quality Assurance Engineer,ScaleneWorks,"Bengaluru, Karnataka, India",,,Quality Assurance / Testing,Mid,1-5 Years,Talent
TAL0495,Quality Assurance Engineer,System Soft Technologies,"Hyderabad, Telangana, IN",,,Quality Assurance / Testing,Mid,1-5 Years,Talent
TAL0496,Quality Assurance Engineer,TerraGiG,"Pune, Maharashtra, India",,,Quality Assurance / Testing,Mid,1-5 Years,Talent
TAL0497,Quality Assurance Engineer,Truelancer Enterprise,"Shimoga, IN",,,Quality Assurance / Testing,Mid,1-5 Years,Talent
TAL0498,Quality Assurance Engineer,GAC DIGITAL,"Hyderabad, Telangana, India",,,Quality Assurance / Testing,Mid,1-5 Years,Talent
TAL0499,Quality Assurance Engineer,ANSR - Tech,"Bengaluru, India",,,Quality Assurance / Testing,Mid,1-5 Years,Talent
TAL0500,Quality Assurance Engineer,TransPerfect,"Bengaluru, Karnataka, India",,,Quality Assurance / Testing,Mid,1-5 Years,Talent
TAL0501,Quality Assurance Engineer,Idox plc,"Pune, Maharashtra, India",,,Quality Assurance / Testing,Mid,1-5 Years,Talent
TAL0502,Quality Assurance Engineer,Zanskar Securities,India,,,Quality Assurance / Testing,Mid,1-5 Years,Talent
TAL0503,Quality Assurance Engineer,GBIT (Global Bridge InfoTech Inc),"Hyderabad, Telangana, India",,,Quality Assurance / Testing,Mid,1-5 Years,Talent
TAL0504,Quality Assurance Engineer,zenda,India,,,Quality Assurance / Testing,Mid,1-5 Years,Talent
TAL0505,Robotics Simulation Engineer,eInfochips (An Arrow Company),"Ahmedabad, Gujarat, India",,,Software Development,Mid,6-10 Years,Talent
TAL0506,Robotics Specialist,The Leaders Hive,"Navi Mumbai, Maharashtra, India",,,Other,Mid,6-10 Years,Talent
TAL0507,Robotics Engineer,Tata Electronics,"Hosur, Tamil Nadu, India",,,Software Development,Mid,6-10 Years,Talent
TAL0508,Robotics Engineer Internship,MTAB Technology Center P Ltd,"Chennai, TN, in",,,Software Development,Intern,6-10 Years,Talent
TAL0509,Robotics Engineer,Geojit Technologies,"Ernakulam, Kerala, India",,,Software Development,Mid,6-10 Years,Talent
TAL0510,Robotics Trainer - Teacher,Anagh Technology,India,,,Artificial Intelligence / Machine Learning,Mid,6-10 Years,Talent
TAL0511,Program Manager Robotics,Bosch Group,"Coimbatore, Tamil Nadu, India",,,Management,Manager,6-10 Years,Talent
TAL0512,Assistant Manager - Robotics,Armstrong Dematic,India,,,Management,Manager,6-10 Years,Talent
TAL0513,Robotics Instructor,Discoveries Quintessential,"Alwar, IN",,,Other,Executive,6-10 Years,Talent
TAL0514,PEGA - Robotics,Zensar Technologies,"Pune, Maharashtra, India",,,Other,Mid,6-10 Years,Talent
TAL0515,Robotics Engineer - ROS,Kody Technolab Limited,Ahmedabad,,,Software Development,Mid,6-10 Years,Talent
TAL0516,Robotics Technician,Berry Avionics,India,,,Other,Mid,6-10 Years,Talent
TAL0517,Robotics Manager,Thompsons HR Consulting LLP,"Sriperumbudur, TN, India",,,Management,Manager,6-10 Years,Talent
TAL0518,Robotics Software Apprentice,10xConstruction.ai,"Bengaluru, Karnataka, India",,,Software Development,Mid,6-10 Years,Talent
TAL0519,UAV Robotics Engineer,Aero360 - Dronix Technologies Pvt Ltd,India,,,Software Development,Mid,6-10 Years,Talent
TAL0520,Robotics Software Engineer,Virya Autonomous Technologies,India,,,Software Development,Mid,6-10 Years,Talent
TAL0521,Robotics Trainer STEAM,On My Own Technology,"North Delhi, Delhi, India",,,Artificial Intelligence / Machine Learning,Mid,6-10 Years,Talent
TAL0522,Robotics Team Lead,K12 Techno Services Pvt. Ltd.,"Bengaluru, Karnataka, India",,,Other,Senior,6-10 Years,Talent
TAL0523,Robotics Verification Manager,Dashhire,Bangalore,,,Management,Manager,6-10 Years,Talent
TAL0524,Python Developer,TELUS Digital,"Noida, Uttar Pradesh, India",,,Software Development,Mid,1-5 Years,Talent
TAL0525,Python Developer,Exult Global,"Ghaziabad, IN",,,Software Development,Mid,1-5 Years,Talent
TAL0526,Developer,RAPTAR Reporting,"Ghaziabad, IN",,,Software Development,Mid,1-5 Years,Talent
TAL0527,"Website Developer, Mobile App Developer","ITMC Systems, Inc","Noida, Uttar Pradesh, India",,,Software Development,Mid,1-5 Years,Talent
TAL0528,PHP Developer,E2logy Software Solutions Private Limited,"Noida, GJ, in",,,Software Development,Mid,1-5 Years,Talent
TAL0529,Software Developer,Outlier,"Faridabad, India",,,Software Development,Mid,1-5 Years,Talent
TAL0530,Developer,Insight Global,"Ghaziabad, IN",,,Software Development,Mid,1-5 Years,Talent
TAL0531,IBMi developer,Programmers.io,"Ghaziabad, IN",,,Software Development,Mid,1-5 Years,Talent
TAL0532,Javascript Developer,R Systems,"Greater Delhi Area, India",,,Web Development,Mid,1-5 Years,Talent
TAL0533,ServiceNow Developer,Papigen Private Limited,"Ghaziabad, IN",,,Software Development,Mid,1-5 Years,Talent
TAL0534,Salesforce Developer,Infrabyte Technology Solution Pvt Ltd,"Noida, DL, in",,,Software Development,Mid,1-5 Years,Talent
TAL0535,Flutter Developer,STAGE Technologies Private Limited,"Noida, UP, in",,,Software Development,Mid,1-5 Years,Talent
TAL0536,Java Developer,Bonami Software Private Limited,"Noida, Uttar Pradesh, India",,,Software Development,Mid,1-5 Years,Talent
TAL0537,Database Developer,Impetus,"Noida, Uttar Pradesh, India",,,Data Science / Analytics,Mid,1-5 Years,Talent
TAL0538,Android Developer,Ingenico,"Noida, Uttar Pradesh, India",,,Software Development,Mid,1-5 Years,Talent
TAL0539,SQL Developer,Arting Digital Private Limited,"Faridabad, HR, in",,,Software Development,Mid,1-5 Years,Talent
TAL0540,AngularJS Developer,CORTEX Consultants,Noida,,,Software Development,Mid,1-5 Years,Talent
TAL0541,Backend Developer,Randstad India,"Noida, Uttar Pradesh, India",,,Software Development,Mid,1-5 Years,Talent
TAL0542,Dotnet Developer,Coforge,"Uttar Pradesh, India, India",,,Software Development,Mid,1-5 Years,Talent
TAL0543,Peoplesoft Developer,Wimmer Solutions,"Ghaziabad, IN",,,Software Development,Mid,1-5 Years,Talent
TAL0544,React JS Developer,R Systems,"Greater Delhi Area, India",,,Web Development,Mid,1-5 Years,Talent
TAL0545,Frontend Developer - React.js,Shorlist Professionals,"Delhi, IN",,,Web Development,Mid,1-5 Years,Talent
TAL0546,Full Stack Developer - Node.js / React.js,HireVeda,"Delhi, IN",,,Web Development,Mid,1-5 Years,Talent
TAL0547,React.js Developer - Javascript / Next.js,GetHyr,Delhi,,,Web Development,Mid,1-5 Years,Talent
TAL0548,CoinCrowd - Frontend Engineer - React.js / Next.js,CoinCrowd,"Delhi, IN",,,Web Development,Mid,1-5 Years,Talent
TAL0549,Web Architect - React.js / Node.js,Microgreen Technologies Pvt. Ltd,"Delhi, IN",,,Web Development,Mid,1-5 Years,Talent
TAL0550,Frontend Developer - Next.js / React.js,HyreSnap,"Delhi, IN",,,Web Development,Mid,1-5 Years,Talent
TAL0551,Frontend Developer(React Js),Talent Worx,"New Delhi, DL, IN",,,Web Development,Mid,1-5 Years,Talent
TAL0552,React.js Developer - Redux,Thought Frameworks,"Delhi, IN",,,Web Development,Mid,1-5 Years,Talent
TAL0553,Frontend Developer React JS,Vrinda Global,"New Delhi, Delhi, India",,,Web Development,Mid,1-5 Years,Talent
TAL0554,React JS,Intellias,"Delhi, IN",,,Web Development,Mid,1-5 Years,Talent
TAL0555,React JS Developer - Zensar,TalentOla,"New Delhi G.P.O., India",,,Web Development,Mid,1-5 Years,Talent
TAL0556,Golang Developer - Node.js / React.js,Recruitment Hub 365,"Delhi, IN",,,Web Development,Mid,1-5 Years,Talent
TAL0557,Full Stack Developer - Node.js / React.js,RMV Workforce LLP,"Delhi, IN",,,Web Development,Mid,1-5 Years,Talent
TAL0558,React.js & React Native Developer,PODS365 INC,"New Delhi, Delhi, India",,,Web Development,Mid,1-5 Years,Talent
TAL0559,Full Stack Developer - React.js / Node.js,Hireveda,"Delhi, IN",,,Web Development,Mid,1-5 Years,Talent
