job_id,job_title,company_name,location,experience,source
MON0001,Analytics - Senior - Python Full Stack Developer,Ernst and young LLP,Gurugram,3 - 8 Years,Monster
MON0002,Clinical Data Python Developer,Ska Digitransform Consulting LLC,Remote,3 - 5 Years,Monster
MON0003,Fullstack Developer Python,Nokia India Private Limited,Noida,6 - 11 Years,Monster
MON0004,Analytics - Senior - Python Full Stack Developer,Ernst and young LLP,Gurugram,3 - 6 Years,Monster
MON0005,Python Software Developer,Infosys Limited,"Delhi, Chennai, Bengaluru",3 - 8 Years,Monster
MON0006,Python Developer,Capgemini Technology Services India Limited,"Delhi, Hyderabad, Kolkata",2 - 7 Years,Monster
MON0007,Python Developer (Team Lead),Aditya Birla Management Corporation Private Limited,Noida,5 - 10 Years,Monster
MON0008,Data Engineer - Python & Pyspark with AWS,Staffice Global Private Limited,Gurugram,5 - 7 Years,Monster
MON0009,Python React Developer,TELUS International Philippines Inc.,Noida,5 - 7 Years,Monster
MON0010,Senior Python Developer,Wipzo Systech Private Limited,"Gurugram, Hyderabad, Pune",6 - 11 Years,Monster
MON0011,Qa Automation Test Engineer(Python/C#),Right Advisors Private Limited,Noida,5 - 10 Years,Monster
MON0012,Python Developer,TELUS International Philippines Inc.,Noida,5 - 7 Years,Monster
MON0013,Python AWS Engineer,ITC Infotech India Limited,Gurugram,1 - 3 Years,Monster
MON0014,Python AWS Engineer,ITC Infotech India Limited,Gurugram,2 - 4 Years,Monster
MON0015,IN-Associate_ Java and Python_Risk Analytics _Advisory_Gurugram,PwC India,"Gurugram, Gurugram, India",4 - 6 Years,Monster
MON0016,Senior Associate L1 DE-Big Data Azure,Publicis Sapient,Bengaluru,2 - 5 Years,Monster
MON0017,Software Engineer - Big Data,Z5,Pune,1 - 3 Years,Monster
MON0018,Software Engineer - Big Data,Z5,Pune,1 - 3 Years,Monster
MON0019,Software Engineer - Big Data,Z5,Pune,1 - 3 Years,Monster
MON0020,Walk-in Drive from12th to 15th April 2025 for Big Data Developers @ Bengaluru,Objectwin Technology India Private Limited,Bengaluru,4 - 8 Years,Monster
MON0021,Big Data Engineer,Robotics Technologies,"Ahmedabad, Bengaluru, Chennai",5 - 10 Years,Monster
MON0022,Cybage software is hiring Big data Architects,Cybage Software Private Limited,Pune,10 - 17 Years,Monster
MON0023,Big Data Modernization Engineer,Infosys Limited,Gurugram,7 - 12 Years,Monster
MON0024,Big Data Analyst,Infosys Limited,Bengaluru,3 - 5 Years,Monster
MON0025,AWS Big data Architect,Birlasoft Limited,Bengaluru,15 - 20 Years,Monster
MON0026,Big Data Developer,Tata Consultancy Services Limited,Pune,3 - 8 Years,Monster
MON0027,Manager Data Engineering DE - Big Data Azure,Publicis Sapient,Bengaluru,8 - 11 Years,Monster
MON0028,Manager Data Engineering DE - Big Data AWS,Publicis Sapient,Bengaluru,8 - 11 Years,Monster
MON0029,Senior Associate L1 DE-Big Data GCP,Publicis Sapient,Bengaluru,2 - 5 Years,Monster
MON0030,Senior Associate Data Engineering L2 DE - Big Data GCP,Publicis Sapient,Bengaluru,3 - 6 Years,Monster
MON0031,Sr Technical Lead-Data Engg,Birlasoft Limited,Noida,6 - 10 Years,Monster
MON0032,Data Modeller,Wipzo Systech Private Limited,"Hyderabad, Delhi NCR, Pune",8 - 12 Years,Monster
MON0033,Bigdata Developer,Ifintalent Global Private Limited,"Gurugram, Chennai, Pune",1 - 3 Years,Monster
MON0034,Assistant Manager,Bank of America,"Gurugram, Gurugram, India",5 - 7 Years,Monster
MON0035,Senior Manager - Credit Modelling,SBI Card,"Gurugram, Gurugram, India",Fresher,Monster
MON0036,Director - Data Engineering,Axtria India Private Limited,"Hyderabad, Bengaluru, Noida",10 - 20 Years,Monster
MON0037,Director Data Science,Axtria India Private Limited,"Gurugram, Delhi, Noida",15 - 18 Years,Monster
MON0038,Director Data Science,Axtria India Private Limited,"Delhi, Bengaluru, Delhi NCR",15 - 20 Years,Monster
MON0039,Data Engineer,Diensten Tech Limited,Gurugram,0 - 1 Years,Monster
MON0040,Data Engineer,Panapps International Private Limited,Remote,3 - 8 Years,Monster
MON0041,Big Data Engineer,Robotics Technologies,"Noida, Delhi NCR, Pune",5 - 10 Years,Monster
MON0042,Lead Data Engineer (Cloud Focused),Number 11,Noida,7 - 8 Years,Monster
MON0043,Data Scientist,Havells India Ltd,"Noida, India",8 - 10 Years,Monster
MON0044,"Data Platform DevOps Engineer, Aladdin Data, Associate",BlackRock,"Gurugram, India",4 - 7 Years,Monster
MON0045,Data Engineer - Noida,Paytm Payments Bank,"Noida, India",3 - 5 Years,Monster
MON0046,Technical Manager(TPM),Bounteous x Accolite,Remote,5 - 10 Years,Monster
MON0047,Technical Project Manager,Bounteous x Accolite,Remote,5 - 15 Years,Monster
MON0048,Technical Account Manager,Majesco Software And Solutions India Private Limited,"Remote, India",10 - 12 Years,Monster
MON0049,Java Technical Lead,Canterr It Services India Private Limited,Remote,6 - 7 Years,Monster
MON0057,AI Consultant - Platform Delivery,Z5,Gurugram,3 - 5 Years,Monster
MON0058,Generative AI Architect,Capgemini Technology Services India Limited,Gurugram,12 - 18 Years,Monster
MON0059,GEN AI Developer & Architect,Birlasoft Limited,"Noida, Mumbai, Pune",5 - 15 Years,Monster
MON0060,EY-GDS Consulting-AI And DATA-Delivery Lead Cloud,Ernst and young LLP,Noida,12 - 15 Years,Monster
MON0061,Gen AI Technical Lead,Birlasoft Limited,"Bengaluru, Noida",5 - 8 Years,Monster
MON0062,Gen AI Technical Lead,Birlasoft Limited,"Delhi, Chennai",5 - 8 Years,Monster
MON0063,AI Developer,TELUS International Philippines Inc.,Noida,5 - 7 Years,Monster
MON0064,AI / ML Architect,Wipzo Systech Private Limited,"Bengaluru, Delhi NCR, Pune",5 - 8 Years,Monster
MON0065,Lead AI Engineer - Machine Learning,Z5,"Gurugram, Bengaluru, Pune",5 - 10 Years,Monster
MON0066,Opportunity For AI Engineer,Nova Human Resources Outsourcing Private Limited,Remote,4 - 10 Years,Monster
MON0067,AI/ML Engineer,Robotics Technologies,"Gurugram, Hyderabad, Mumbai",15 - 20 Years,Monster
MON0068,AI Platform Architect,Nokia India Private Limited,"Bengaluru, Noida",7 - 12 Years,Monster
MON0069,Product Manager- AI/ ML,Nokia India Private Limited,"Bengaluru, Noida",10 - 15 Years,Monster
MON0070,AI Project Manager,Nokia India Private Limited,"Bengaluru, Noida",10 - 15 Years,Monster
MON0071,"Associate, ML Data Operations, GO-AI Operations",Amazon Development Centre (India) Private Limited,Delhi,2 - 4 Years,Monster
MON0072,Machine Learning Engineer - A,Capgemini Technology Services India Limited,Hyderabad,3 - 6 Years,Monster
MON0073,"Azure AI, Cognitive Services, Machine Learning, IoT",LTIMindtree Limited,Hyderabad,3 - 8 Years,Monster
MON0074,Machine Learning,GlobalLogic Inc,Hyderabad,5 - 10 Years,Monster
MON0075,"Software Engineer (Azure AI, Cognitive Services, Machine Learning, IoT)",LTIMindtree Limited,Hyderabad,3 - 8 Years,Monster
MON0076,Machine Learning Engineer,Apple,"Hyderabad, India",3 - 5 Years,Monster
MON0077,Senior Machine Learning Engineer,Workassist,"Hyderabad, India",2 - 6 Years,Monster
MON0078,Artificial Intelligence and Machine Learning IOT,LTIMindtree Limited,Hyderabad,3 - 6 Years,Monster
MON0079,Software Development Engineer II (Machine Learning),LivePerson,"Hyderabad, India",4 - 6 Years,Monster
MON0080,Senior Machine Learning Engineer,Electronic Arts (EA),"Hyderabad, India",5 - 7 Years,Monster
MON0081,Machine Learning Scientist,Flexi Careers India Private Limited,Remote,3 - 7 Years,Monster
MON0082,Machine Learning Engineer,Workassist,"Hyderabad, India",2 - 6 Years,Monster
MON0083,Machine Learning Senior Analyst [T500-16859],Evernorth Health Services,"Hyderabad, India",3 - 5 Years,Monster
MON0084,Urgent Hiring MLE (Machine Learning Engineer),Capgemini Technology Services India Limited,"Hyderabad, Kolkata",3 - 8 Years,Monster
MON0085,Senior Software Engineer - Machine Learning Framework,Shantha Shankar ( Proprietor Of Koral Human Resource Consultants),Hyderabad,4 - 9 Years,Monster
MON0086,Azure Machine Learning,PS Collaborations,Hyderabad,5 - 8 Years,Monster
MON0087,Data Engineer - PySpark,Sulbikar Abbas (Proprietor Of Versatile Consultancy),Remote,3 - 5 Years,Monster
MON0088,Pyspark Developer,Cognizant Technology Solutions India Pvt Ltd,"Hyderabad, Bengaluru, Pune",4 - 8 Years,Monster
MON0089,Pyspark Developer,SP Staffing Services Private Limited,"Bengaluru, Pune, Hyderabad",4 - 6 Years,Monster
MON0090,Pyspark Developer,ValueLabs LLP,Bengaluru,3 - 6 Years,Monster
MON0091,Pyspark Developer,ValueLabs LLP,"United Arab Emirates, Bengaluru",3 - 9 Years,Monster
MON0092,Senior Engineer- Python Pyspark,Thales India Private Limited,Bengaluru,3 - 6 Years,Monster
MON0093,"Data Engineer ( SQL, Pyspark, Databricks )",Gainwell Technologies LLC,Bengaluru,3 - 5 Years,Monster
MON0094,Senior Engineer- Python Pyspark,Thales,"Bengaluru, India",3 - 5 Years,Monster
MON0095,Python/Spark/pySpark Big data Engineer,Viionn Labs,India,1 - 5 Years,Monster
MON0096,Big Data (Pyspark),Tata Consultancy Services Limited,Mumbai,4 - 8 Years,Monster
MON0097,Executive - PySpark,KPMG,Bengaluru,0 - 5 Years,Monster
MON0098,Senior Engineer- Python Pyspark,Thales Group,Bengaluru,3 - 5 Years,Monster
MON0099,Data Engineer_ML_Pyspark,Lowe's India,"Bengaluru, India",2 - 5 Years,Monster
MON0100,"Data Engineer (SQL, Pyspark, Databricks)",Gainwell Technologies,"Bengaluru, India",3 - 5 Years,Monster
MON0101,"Principal Consultant-Lead Data Engineer, Databricks, PySpark",Genpact,Noida,3 - 5 Years,Monster
MON0102,Software Development Engineer II - Backend,ZETA,Bengaluru,3 - 5 Years,Monster
MON0103,Lead Software Development Engineer Backend,ZETA,Bengaluru,8 - 10 Years,Monster
MON0104,Software Development Engineer - I/II Backend,ZETA,Hyderabad,2 - 6 Years,Monster
MON0105,Lead Software Development Engineer - Backend,ZETA,Mumbai,3 - 10 Years,Monster
MON0106,"Backend Developer (.Net, C# & Azure)",Staffice Global Private Limited,Bengaluru,5 - 7 Years,Monster
MON0107,Backend limited openings,Deepak Kushal Kunder ( Proprietor of Vibrantzz Management Services),"Thane, Navi Mumbai, Mumbai City",Fresher,Monster
MON0108,Java Backend,Capco,Bengaluru,3 - 5 Years,Monster
MON0109,Backend Developer,Robotics Technologies,"Gurugram, Hyderabad, Kolkata",15 - 20 Years,Monster
MON0110,Java Backend Developer,Wipro Limited,Chennai,4 - 9 Years,Monster
MON0111,Java Backend Developer,Capgemini Technology Services India Limited,"Hyderabad, Bengaluru, Chennai",8 - 12 Years,Monster
MON0112,Node Js Backend Developer,Cognizant Technology Solutions India Pvt Ltd,"Hyderabad, Bengaluru, Chennai",7 - 12 Years,Monster
MON0113,Senior AWS Java Backend Engineer,Wipro Limited,Bengaluru,8 - 13 Years,Monster
MON0114,Backend Developer,3i Infotech Limited,Bhopal,6 - 11 Years,Monster
MON0115,Java Backend + React Js,Infosys Limited,Pune,7 - 10 Years,Monster
MON0116,Backend Developer,Wipro Limited,Hyderabad,1 - 6 Years,Monster
MON0117,IN-Associate _GCP Developer _Data & Analytics _Advisory _Gurugram,PricewaterhouseCoopers Professional Services LLP,Gurugram,3 - 7 Years,Monster
MON0118,GCP Data Engineer,"**********
            Company name confidential","Delhi, Hyderabad, Bengaluru",3 - 6 Years,Monster
MON0119,IN-Associate _GCP Developer _Data & Analytics _Advisory _Noida,PricewaterhouseCoopers Professional Services LLP,Noida,3 - 7 Years,Monster
MON0120,Lead Consultant – Java & GCP Developer,"**********
            Company name confidential","Bengaluru, Noida, Hyderabad",4 - 10 Years,Monster
MON0121,GCP Developer,Whisk Software Private Limited,"Gurugram, Hyderabad, Pune",4 - 9 Years,Monster
MON0122,GCP Devops Engineer,Damco Solutions Limited,"Gurugram, Bengaluru, Pune",4 - 7 Years,Monster
MON0123,GCP AI/MLOPs Solution Architect,Kapstag Workforce Solutions Private Limited,"Hyderabad, Noida",4 - 6 Years,Monster
MON0124,GCP Data Engineer,"**********
            Company name confidential","Delhi, Bengaluru, Chennai",4 - 9 Years,Monster
MON0125,Senior Associate Infrastructure L2 AWS,Publicis Sapient,Gurugram,4 - 12 Years,Monster
MON0126,Google Cloud Engineer - APPS,Ifintalent Global Private Limited,Remote,3 - 6 Years,Monster
MON0127,Artificial Intelligence Developer,Wipzo Systech Private Limited,"Hyderabad, Delhi NCR, Pune",4 - 8 Years,Monster
MON0128,Consultant,Tredence Analytics Solutions Private Limited,"Delhi, Kolkata, Mumbai",2 - 4 Years,Monster
MON0129,Software Development Specialist Advisor,NTT DATA Global Delivery Services Limited,Noida,0 - 5 Years,Monster
MON0130,Software Developer 3 (Java Backend Developer),Oracle,"Noida, India",3 - 5 Years,Monster
MON0131,Software Developer 2 (Java Developer),Oracle,"Noida, India",4 - 6 Years,Monster
MON0132,Software Engineer III- .NET Angular Azure Developer,JP Morgan Chase & Co.,Mumbai,3 - 5 Years,Monster
MON0133,Azure Java Developer,Capgemini Technology Services India Limited,"Bengaluru, Mumbai, Pune",7 - 12 Years,Monster
MON0134,Azure NET Developer,Capgemini Technology Services India Limited,"Chennai, Bengaluru, Mumbai",4 - 9 Years,Monster
MON0135,Azure Fullstack Developer with Python,Capgemini Technology Services India Limited,"Bengaluru, Mumbai, Pune",5 - 10 Years,Monster
MON0136,Azure Application Developer,Infogain Pte Ltd,"Delhi, Mumbai, Pune",6 - 10 Years,Monster
MON0137,Azure .NET Developer,Capgemini Technology Services India Limited,"Hyderabad, Bengaluru, Mumbai",6 - 11 Years,Monster
MON0138,"Senior Principal Consultant, Dot Azure Developer",Genpact,Mumbai,Fresher,Monster
MON0139,Power BI with SQL + Azure Developer,LTIMindtree Limited,"Mumbai, Pune",8 - 12 Years,Monster
MON0140,Power BI with SQL + Azure Developer,LTIMindtree Limited,"Mumbai, Pune",8 - 12 Years,Monster
MON0141,Power BI with SQL + Azure Developer,LTIMindtree Limited,"Mumbai, Pune",5 - 8 Years,Monster
MON0142,Software Engineer III - .NET Azure Developer,JP Morgan Chase & Co.,Mumbai,3 - 5 Years,Monster
MON0143,Software Engineer III - .NET Azure Developer,JP Morgan Chase & Co.,Mumbai,3 - 5 Years,Monster
MON0144,Azure .NET AKS Developer,Capgemini Technology Services India Limited,"Bengaluru, Mumbai, Pune",6 - 11 Years,Monster
MON0145,IN_Senior Associate_Azure Data Lake Developer_Data & Analytics_Advisory_Mumbai,PwC India,"Mumbai, India",4 - 7 Years,Monster
MON0146,Azure Devops,LTIMindtree Limited,"Bengaluru, Mumbai, Pune",5 - 8 Years,Monster
MON0147,Clinical Data Python Developer,Ska Digitransform Consulting LLC,Remote,3 - 5 Years,Monster
MON0148,Python Developer Lead,Nexturn India Private Limited,Remote,8 - 10 Years,Monster
MON0149,Python Developer,Robotics Technologies,United States of America (USA),7 - 12 Years,Monster
MON0150,Job -Lingaro - Permanent -Python backend developer-Remote,EAGateway Services India Private Limited,Remote,6 - 15 Years,Monster
MON0151,Senior Backend Developer (Python/Django & PostgreSQL),Vaishali Sainath Navle (Proprietor Of Axim Digitech),Remote,5 - 7 Years,Monster
MON0152,"Automation Developer -  Python, VBA",Luxoft India Llp,Remote,5 - 9 Years,Monster
MON0153,Python Developers,Coders Brain Technology Private Limited,Remote,2 - 6 Years,Monster
MON0154,Python Development,Coders Brain Technology Private Limited,Remote,5 - 10 Years,Monster
MON0155,Remote Python Full Stack Developer ll H1B Sponsorship FY26,Robotics Technologies,United States of America (USA),5 - 9 Years,Monster
MON0156,"Startup Account Manager, North",Amazon Web Services (AWS),"Gurugram, Gurugram, India",10 - 12 Years,Monster
MON0157,Engineering Manager,Groundtruth India Private Limited,Remote,8 - 11 Years,Monster
MON0158,Cloud Support Engineer (Database),Amazon Web Services (AWS),"Gurugram, Gurugram, India",2 - 4 Years,Monster
MON0159,Security Engineer  Level II (Threat & Vulnerability Management),Rackspace Technology,"Gurugram, India",5 - 7 Years,Monster
MON0160,"Sr. Area Specialist, VMWare, WWSO India",Amazon Web Services (AWS),"Gurugram, Gurugram, India",7 - 9 Years,Monster
MON0161,Sr. Specialist SAP on AWS,Amazon Web Services (AWS),"Gurugram, Gurugram, India",10 - 12 Years,Monster
MON0162,"Lead Developer, Integrations",Cvent,"Gurugram, Gurugram, India",4 - 7 Years,Monster
MON0163,Senior DevOps Engineer (AWS/Azure/Networking) JOB-36616,Uplers,"Noida, India",7 - 9 Years,Monster
MON0164,Surveillance & Optimization-Full stack developer,ExxonMobil,Bengaluru,7 - 12 Years,Monster
MON0165,Surveillance & Optimization - Full stack developer,ExxonMobil,Bengaluru,6 - 8 Years,Monster
MON0166,Client Technology-BTP Full stack Developer,Ernst and young LLP,Bengaluru,8 - 12 Years,Monster
MON0167,Client Technology-BTP Full stack Developer,Ernst and young LLP,Bengaluru,8 - 10 Years,Monster
MON0168,Analytics - Senior - Python Full Stack Developer,Ernst and young LLP,Gurugram,3 - 8 Years,Monster
MON0169,Python Full Stack Developer,Capco,Bengaluru,5 - 9 Years,Monster
MON0170,Senior / Lead AI Full Stack Developer,Ifintalent Global Private Limited,"Hyderabad, Bengaluru, Pune",5 - 7 Years,Monster
MON0171,Full Stack Developer,Robotics Technologies,"Hyderabad, Bengaluru, Mumbai",15 - 20 Years,Monster
MON0172,.Net Full Stack Developer,Pitch And Hire Recruiters Private Limited,Noida,7 - 13 Years,Monster
MON0173,Lead Full Stack Developer,HCL Technologies Limited,Bengaluru,5 - 8 Years,Monster
MON0174,Java Full Stack Developer,Birlasoft Limited,Pune,8 - 13 Years,Monster
MON0175,Full Stack Developer,Cybage Software Private Limited,Pune,4 - 6 Years,Monster
MON0176,T24 Developer/Full Stack Developer,Capgemini Technology Services India Limited,Bengaluru,6 - 10 Years,Monster
MON0177,Java Full Stack Developer,Wipro Limited,"Hyderabad, Bengaluru, Chennai",6 - 10 Years,Monster
MON0178,Java Full Stack Developer,Aspire Systems India Private Limited,"Hyderabad, Bengaluru, Chennai",4 - 6 Years,Monster
MON0179,Manager - Cyber Security,Mphasis,"Bengaluru, Pune",10 - 13 Years,Monster
MON0180,Senior Product Manager,Publicis Sapient,Pune,8 - 11 Years,Monster
MON0181,AEP AJO Architect - Manager Technology,Publicis Sapient,Pune,8 - 11 Years,Monster
MON0182,New - Core - Audit - Manager,Ernst and young LLP,Pune,5 - 7 Years,Monster
MON0183,Account Manager For B2B Sales *(Field Sales)*,Airtel,"Kolhapur, Pune",1 - 6 Years,Monster
MON0184,Area Manager-DTC-Pune,Airtel,Pune,4 - 9 Years,Monster
MON0185,Manager- CLS,Airtel,Pune,4 - 9 Years,Monster
MON0186,Account Manager For B2B Sales *(Field Sales)*,Airtel,Pune,1 - 6 Years,Monster
MON0187,Assistant Manager,Wipro Limited,Pune,Fresher,Monster
MON0188,Store Manager-DTC,Airtel,Pune,1 - 5 Years,Monster
MON0189,Assistant Manager,Genpact,Pune,Fresher,Monster
MON0190,Contracting Systems Manager,Z5,"Gurugram, Pune",5 - 8 Years,Monster
MON0191,"Deputy Manager - Area Sales, Telecalling",SBI Payments Services Private Limited,Pune,1 - 9 Years,Monster
MON0192,Project Manager - Finance,A P Moller Maersk,Pune,5 - 9 Years,Monster
MON0193,Senior Manager- HR,Metlife,Pune,3 - 5 Years,Monster
MON0194,"Software Engineer 3 - Automation Testing, Python, Cloud",Juniper Networks,Bengaluru,4 - 9 Years,Monster
MON0195,Oracle Integration Cloud,Birlasoft Limited,"Bengaluru, Mumbai, Pune",4 - 7 Years,Monster
MON0196,Oracle Cloud Functional Consultant,Wipro Limited,Bengaluru,7 - 9 Years,Monster
MON0197,Cloud Architect C1,Wipro Limited,Hyderabad,12 - 14 Years,Monster
MON0198,cloud technical,Birlasoft Limited,"Bengaluru, Mumbai, Pune",9 - 14 Years,Monster
MON0199,Oracle Cloud Security Consultant,Aveva,Hyderabad,8 - 12 Years,Monster
MON0200,Lead Engineer-DevOps/Software Development/Cloud,Silicon Labs Pvt.Ltd,Hyderabad,4 - 8 Years,Monster
MON0201,Cloud Engineering Lead,Z5,Pune,5 - 9 Years,Monster
MON0202,Oracle Cloud Systems Analyst,Aveva,"Hyderabad, Bengaluru",3 - 6 Years,Monster
MON0203,Cloud Network Engineer II,ZETA,Hyderabad,2 - 4 Years,Monster
MON0204,"Assistant Manager_RAID Configuration,Unix,Sql,Telecom Domain,Cloud Environment_Pune",Vodafone,Pune,Fresher,Monster
MON0205,Oracle Cloud Technical SCM/ERP/HCM,Oracle,"Bengaluru, India",Fresher,Monster
MON0206,senior cloud devops administrator,Learning Candid India Private Limited,"Bengaluru, Chennai, Pune",5 - 9 Years,Monster
MON0207,Cloud Technical,Birlasoft Limited,"Bengaluru, Mumbai, Noida",7 - 15 Years,Monster
MON0208,IT Oracle Planning Cloud Solution Engineer - Senior,Cummins India Limited,Remote,5 - 8 Years,Monster
MON0209,ERP Analytics-OAC and SQL Developer-Senior,Ernst and young LLP,Noida,3 - 7 Years,Monster
MON0210,"Principal Consultant  Architect - Java, SQL",Genpact,Madurai,Fresher,Monster
MON0211,Application developer SQL Server.,Ifintalent Global Private Limited,Hyderabad,7 - 10 Years,Monster
MON0212,"Assistant Manager_RAID Configuration,Unix,Sql,Telecom Domain,Cloud Environment_Pune",Vodafone,Pune,Fresher,Monster
MON0213,"Deputy Manager_Oracle OSM/ASAP/UIM,Unix,SQL_Pune",Vodafone,Pune,Fresher,Monster
MON0214,SQL Developer,Robotics Technologies,Hyderabad,5 - 15 Years,Monster
MON0215,"MSBI Developer( SSIS, SQL) - 8+ Years - Chennai/ bangalore - Immediate",Aspire Systems India Private Limited,Bengaluru,8 - 12 Years,Monster
MON0216,"MSBI Developer( SSIS, SQL) - 8+ Years - Chennai/ bangalore - Immediate",Aspire Systems India Private Limited,Chennai,8 - 12 Years,Monster
MON0217,Cognizant Hiring Python + SQL!!!,Cognizant Technology Solutions India Pvt Ltd,"Coimbatore, Chennai",6 - 9 Years,Monster
MON0218,"MSBI Developer( SSIS, SQL)",Aspire Systems India Private Limited,"Bengaluru, Chennai, Cochin / Kochi / Ernakulam",5 - 8 Years,Monster
MON0219,Sql Server database ETL,HCL Technologies Limited,Noida,4 - 7 Years,Monster
MON0220,ETL Testing with SQL,Cognizant Technology Solutions India Pvt Ltd,"Hyderabad, Chennai, Bengaluru",5 - 10 Years,Monster
MON0221,Senior SQL Server DBA,Birlasoft Limited,"Navi Mumbai, Bengaluru, Mumbai",8 - 10 Years,Monster
MON0222,Pl/SQL Developer,Capgemini Technology Services India Limited,"Bengaluru, Mumbai, Pune",4 - 9 Years,Monster
MON0223,Sql Server database ETL,HCL Technologies Limited,Noida,4 - 7 Years,Monster
MON0224,Power BI / Tableau Trainer,Schola,India,Fresher,Monster
MON0225,Sr Software Engineer (Tableau) - (Remote - India),Jobgether,India,5 - 7 Years,Monster
MON0226,Senior Tableau Developer,"**********
            Company name confidential","Hyderabad, Bengaluru, Pune",7 - 9 Years,Monster
MON0227,Tableau Developer,Mobile Programming LLC,Noida,5 - 10 Years,Monster
MON0228,Tableau Freelance Trainer,Analytics Training Hub,"Delhi, India",Fresher,Monster
MON0229,Senior FP&A Analyst,Careem,India,3 - 5 Years,Monster
MON0230,Security & Risk Delivery Manager,Deutsche Bank,"Pune, India",10 - 12 Years,Monster
MON0231,Business Intelligence (BI) Manager | 12 to 18 Years| Pan India,Capgemini,"Bengaluru, India",9 - 11 Years,Monster
MON0232,"HR Advisory Reporting | 6 To 12 Years | Mumbai, Pune, Bengaluru & Gurgaon",Capgemini,"Bengaluru, India",6 - 8 Years,Monster
MON0233,Senior Analyst - Business Finance,Thomson Reuters,"Hyderabad, India",2 - 6 Years,Monster
MON0234,"Associate, Financial Planning & Analysis",BlackRock,"Gurugram, India",4 - 6 Years,Monster
MON0235,"Analyst/Associate, Compensation Reporting & Workday Prism Analytics Architect",BlackRock,"Gurugram, India",1 - 7 Years,Monster
MON0236,BI Developer | PAN India,Capgemini,"Mumbai, India",4 - 6 Years,Monster
MON0237,"Data Analyst (Python, SQL, Power BI)",Gainwell Technologies LLC,Remote,4 - 9 Years,Monster
MON0238,Tech Enablement Program Lead,Tableau,"Hyderabad, India",9 - 12 Years,Monster
MON0239,"Software Engineer Sr Staff - Automation Testing, Python / L3 Protocols",Juniper Networks,Bengaluru,15 - 20 Years,Monster
MON0240,"Software Engineer 3 - Automation Testing, Python, Cloud",Juniper Networks,Bengaluru,4 - 9 Years,Monster
MON0241,"Software Engineer Sr Staff - Automation Testing, Python / L3 Protocols",Juniper Networks,Bengaluru,7 - 11 Years,Monster
MON0242,Software Engineer- Automation Testing,Capgemini Technology Services India Limited,"Chennai, Bengaluru, Pune",4 - 8 Years,Monster
MON0243,HCL Tech Hiring For Automation Testing Role,HCL Technologies Limited,"Gurugram, Chennai, Bengaluru",4 - 9 Years,Monster
MON0244,"API Automation Testing - Java , selenium",Cognizant Technology Solutions India Pvt Ltd,"Hyderabad, Bengaluru, Chennai",4 - 9 Years,Monster
MON0245,Automation Testing - with Ruby,Aspire Systems India Private Limited,Chennai,3 - 7 Years,Monster
MON0246,Cognizant is Hiring For Automation Testing !!,Cognizant Technology Solutions India Pvt Ltd,"Hyderabad, Bengaluru, Pune",4 - 9 Years,Monster
MON0247,Mobile Automation Testing,Cognizant Technology Solutions India Pvt Ltd,"Chennai, Kolkata",5 - 10 Years,Monster
MON0248,HCL Tech Hiring For Automation Testing Role,HCL Technologies Limited,"Gurugram, Hyderabad, Bengaluru",4 - 9 Years,Monster
MON0249,Automation Testing,Ifintalent Global Private Limited,Hyderabad,5 - 8 Years,Monster
MON0250,Python Automation Testing,Ifintalent Global Private Limited,Bengaluru,1 - 6 Years,Monster
MON0251,.net automation testing,Ifintalent Global Private Limited,Chennai,1 - 6 Years,Monster
MON0252,QA Automation Testing with IOT,Innominds Software Inc,Hyderabad,4 - 9 Years,Monster
MON0253,QA Automation Testing,Ifintalent Global Private Limited,Hyderabad,8 - 10 Years,Monster
MON0254,ETL Informatica Developer,Infosys Limited,"Hyderabad, Bengaluru, Pune",5 - 9 Years,Monster
MON0255,Informatica Developer,Gainwell Technologies LLC,Remote,6 - 8 Years,Monster
MON0256,Informatica Developer,Acuity IT Solutions Private Limited,Pune,4 - 9 Years,Monster
MON0257,Informatica MDM Developer,Foundit,"Chennai, Pune, Cochin / Kochi / Ernakulam",5 - 12 Years,Monster
MON0258,Informatica MDM Developer Job,Yash Technologies Private Limited,"Pune, India",5 - 7 Years,Monster
MON0259,Informatica IICS Developer,Changeleaders Consulting Private Limited,"Hyderabad, Pune",7 - 10 Years,Monster
MON0260,IICS /Informatica Intelligent Cloud Services Developer,Infosys Limited,"Hyderabad, Bengaluru, Pune",3 - 8 Years,Monster
MON0261,IICS / Informatica Intelligent Cloud Services Developer,Capgemini Technology Services India Limited,"Hyderabad, Pune",6 - 12 Years,Monster
MON0262,Senior Automation Engineer (RPA Blue Prism and .Net),Synechron Technologies Private Limited,Gurugram,6 - 8 Years,Monster
MON0263,Blue prism Developer_3+Years,Zorba AI,"Gurugram, Gurugram, India",3 - 5 Years,Monster
MON0264,Blue Prism,CodersBrain,"Noida, India",6 - 12 Years,Monster
MON0265,"Lead Consultant, UiPath, Blue Prism Support",Genpact,"Gurugram, Gurugram",3 - 5 Years,Monster
MON0266,"Consultant, Blue Prism",Genpact,"Gurugram, Gurugram",Fresher,Monster
MON0267,RPA - BluePrism Developer,Capgemini Technology Services India Limited,"Chennai, Noida, Pune",1 - 6 Years,Monster
MON0268,RPA Developer (Robotic Process Automation),Robotics Technologies,"Delhi, Chennai, Noida",8 - 13 Years,Monster
MON0269,Uipath Developer,Capgemini,"Noida, India",3 - 6 Years,Monster
MON0270,Senior Executive,EXL IT service management,"Noida, India",2 - 4 Years,Monster
MON0271,Senior Manager - Business Consulting PI - TMT - CNS - BC - Supply Chain & Operations - New Delhi,Ernst & Young,"Delhi, India",8 - 10 Years,Monster
MON0272,Rpa,Lancesoft India Private Limited,"Gurugram, Bengaluru, Chennai",6 - 11 Years,Monster
MON0273,IT Oracle Planning Cloud Solution Engineer - Senior,Cummins India Limited,Remote,5 - 8 Years,Monster
MON0274,IT Oracle Planning Cloud Solution Engineer - Senior,Cummins India Limited,Remote,5 - 8 Years,Monster
MON0275,Oracle WMS Cloud,Birlasoft Limited,Noida,2 - 5 Years,Monster
MON0276,Oracle PDH,Birlasoft Limited,"Gurugram, Chennai, Bengaluru",8 - 10 Years,Monster
MON0277,Oracle ASCP Cloud,Birlasoft Limited,Noida,2 - 5 Years,Monster
MON0278,Oracle WMS Cloud,Birlasoft Limited,"Hyderabad, Noida, Pune",3 - 12 Years,Monster
MON0279,Oracle Apps Technical,Birlasoft Limited,"Noida, Bengaluru, Pune",5 - 10 Years,Monster
MON0280,Oracle WMS Cloud,Birlasoft Limited,"Delhi, Chennai, Bengaluru",5 - 10 Years,Monster
MON0281,Oracle Database Administrator,Tata Consultancy Services Limited,Noida,8 - 13 Years,Monster
MON0282,Oracle Cloud Technical,Birlasoft Limited,"Noida, Bengaluru, Pune",8 - 13 Years,Monster
MON0283,Oracle Project Portfolio Management Consultant,Iote Technologies Private Limited,Delhi,3 - 8 Years,Monster
MON0284,Oracle Cloud Implementation - Order Management,Vertiscript Global It Services Private Limited,"Hyderabad, Chennai, Delhi NCR",6 - 8 Years,Monster
MON0285,Oracle NMS Developer ( Network Management System ),Alphacom Systems and Solutions Priavte Limited,"Hyderabad, Bengaluru, Delhi NCR",4 - 9 Years,Monster
MON0286,Oracle Cloud Functional RTR Leasing,Vertiscript Global It Services Private Limited,"Hyderabad, Bengaluru, Delhi NCR",5 - 8 Years,Monster
MON0287,ORACLE HCM LEAD,Birlasoft Limited,"Noida, Mumbai, Pune",10 - 18 Years,Monster
MON0288,"SDE, Amazon CS (Level 5), CHEX",Amazon Development Centre (India) Private Limited,Delhi,3 - 5 Years,Monster
MON0289,SDE II - Building Next Gen Financial systems,Amazon Development Centre (India) Private Limited,Gurugram,3 - 5 Years,Monster
MON0290,SDE 2 - Backend Engineer,PASSIONMOJO-PHRCRM,"Delhi, India",3 - 5 Years,Monster
MON0291,Software Development Executive (SDE),HCDS Technologies,"Delhi, India",Fresher,Monster
MON0292,SDE III - Game Developer(Unity Developer),Flutter International,"Gurugram, India",4 - 7 Years,Monster
MON0293,SDE II Flutter,Flutter International,"Gurugram, India",3 - 5 Years,Monster
MON0294,SDE-2 Backend,ARRISE powering Pragmatic Play,"Noida, India",Fresher,Monster
MON0295,SDE II,UPHILL HR Services,"Noida, India",3 - 5 Years,Monster
MON0296,SDE II / SDE III,Vintage Home Fashions,Remote,4 - 10 Years,Monster
MON0297,"SDE Security ( Full Time, Remote)",Hikeapp,"Delhi, India",2 - 4 Years,Monster
MON0298,Data Engineer - SDE-1,PW (PhysicsWallah),"Noida, India",Fresher,Monster
MON0299,SDE 2 - Backend Developer,Cuemath,"Gurugram, Gurugram, India",2 - 4 Years,Monster
MON0300,Backend Engineer - SDE 1,"**********
            Company name confidential","Bengaluru, Gurugram",0 - 3 Years,Monster
MON0301,SDE 1 - Backend,"**********
            Company name confidential","Delhi, Gurugram",1 - 2 Years,Monster
MON0302,Technical Program Manager,Amazon Development Centre (India) Private Limited,Gurugram,7 - 9 Years,Monster
MON0303,Strategic Marketing Leader For Orthopedic Large Joint Manufacturing,Alkem Laboratories Ltd,Mumbai,12 - 20 Years,Monster
MON0304,Performance Marketing Manager,Airtel,Gurugram,5 - 10 Years,Monster
MON0305,Assistant Marketing Manager - Gastro,Alkem Laboratories Ltd,Mumbai,5 - 10 Years,Monster
MON0306,Product Owner - Sales and Marketing,ExxonMobil,Bengaluru,8 - 13 Years,Monster
MON0307,"Assistant Vice President, Copywriter, Marketing",Genpact,"Gurugram, Gurugram",Fresher,Monster
MON0308,Product Owner - Marketing automation B2B & HCP,Sanofi,Hyderabad,5 - 7 Years,Monster
MON0309,Sales Executive/Marketing,Impact Hr  Km Solutions,Nashik,1 - 3 Years,Monster
MON0310,Digital Marketing Manager,Parameshwari Shanmugam (Proprietor Of Dheehire Consultancy Services),Bengaluru,2 - 10 Years,Monster
MON0311,field marketing,Sudesh Rani (Proprietor of Makkar Institute),Ludhiana,1 - 5 Years,Monster
MON0312,Project Assistant - Level III - Marketing,Cummins India Limited,Pune,5 - 8 Years,Monster
MON0313,Marketing and Solution Analyst,Aspire Systems India Private Limited,Chennai,2 - 7 Years,Monster
MON0314,Field Marketing Manager,HCL Technologies Limited,Bengaluru,3 - 5 Years,Monster
MON0315,SAP Marketing – Emarsys Cloud Consultant,Infosys Limited,Pune,3 - 8 Years,Monster
MON0316,Salesforce Marketing Cloud Developer / Salesforce Omni Studio,Tata Consultancy Services Limited,Hyderabad,5 - 10 Years,Monster
MON0317,Portfolio Marketing Manager,Capgemini Technology Services India Limited,Mumbai,8 - 10 Years,Monster
MON0318,Human Resource Intern,Alkem Laboratories Ltd,Mumbai,0 - 1 Years,Monster
MON0319,Trainee/ Intern - IT Recruitment (Work from Home),Vaishali Sainath Navle (Proprietor Of Axim Digitech),"Thane, Navi Mumbai, Mumbai City",INR 0.5 - 1.5 LPA,Monster
MON0320,HR Intern,Violet Infosystems Private Limited,"Mumbai City, Mumbai",0 - 2 Years,Monster
MON0321,Team Lead - Intern,Amazon Development Centre (India) Private Limited,Mumbai,Fresher,Monster
MON0322,Intern,Deutsche Bank,"Mumbai, India",Fresher,Monster
MON0323,Intern - Marketing,ToothSi,"Mumbai City, Mumbai",0 - 1 Years,Monster
MON0324,"Intern, Forensic Investigations and Intelligence",Kroll Associates India Private Limited,Mumbai,0 - 2 Years,Monster
MON0325,Intern,Deloitte Consulting India Private Limited,Mumbai,0 - 1 Years,Monster
MON0326,Trainee / Intern,Deloitte Consulting India Private Limited,Mumbai,0 - 1 Years,Monster
MON0327,Intern | IT Assurance_Advisory |,Deloitte Consulting India Private Limited,Mumbai,1 - 2 Years,Monster
MON0328,Trainee / Intern,Deloitte Consulting India Private Limited,Mumbai,0 - 1 Years,Monster
MON0329,Finance Intern,Cadbury,"Remote, India",Fresher,Monster
MON0330,Taste The Future India Summer Intern - Commercial,Cadbury,"Remote, India",Fresher,Monster
MON0331,Graphic Design Intern,Greenhandle,"Mumbai, India",Fresher,Monster
MON0332,Marketing Intern,The CAD Co.,"Mumbai, India",Fresher,Monster
MON0333,Walk-in Drive from12th to 15th April 2025 for Big Data Developers @ Bengaluru,Objectwin Technology India Private Limited,Bengaluru,4 - 8 Years,Monster
MON0334,Big Data Modernization Engineer,Infosys Limited,Gurugram,7 - 12 Years,Monster
MON0335,Cybage software is hiring Big data Architects,Cybage Software Private Limited,Pune,10 - 17 Years,Monster
MON0336,Big Data Developer,Tata Consultancy Services Limited,Pune,3 - 8 Years,Monster
MON0337,AWS Big data Architect,Birlasoft Limited,Bengaluru,15 - 20 Years,Monster
MON0338,Big Data Analyst,Infosys Limited,Bengaluru,3 - 5 Years,Monster
MON0339,Manager Data Engineering DE - Big Data Azure,Publicis Sapient,Bengaluru,8 - 11 Years,Monster
MON0340,Senior Associate L1 DE-Big Data Azure,Publicis Sapient,Bengaluru,2 - 5 Years,Monster
MON0341,Manager Data Engineering DE - Big Data AWS,Publicis Sapient,Bengaluru,8 - 11 Years,Monster
MON0342,Senior Associate L1 DE-Big Data GCP,Publicis Sapient,Bengaluru,2 - 5 Years,Monster
MON0343,Senior Associate Data Engineering L2 DE - Big Data GCP,Publicis Sapient,Bengaluru,3 - 6 Years,Monster
MON0344,Senior Associate Data Engineering L2 DE - Big Data Azure,Publicis Sapient,Bengaluru,3 - 6 Years,Monster
MON0345,Big Data Developer,Executive81 HR Solutions Private Limited,Pune,6 - 9 Years,Monster
MON0346,Software Engineer - Big Data,Z5,Pune,1 - 3 Years,Monster
MON0347,Data Architecture - Big Data Engineer,Ifintalent Global Private Limited,Bengaluru,7 - 10 Years,Monster
MON0348,"Senior AWS Data Architect (Remote - Kolkata, India)",Azoca Technologies Llp,Remote,INR 312 - 360 LPA,Monster
MON0349,AWS DocumentDB Developer,Acuity IT Solutions Private Limited,Remote,7 - 12 Years,Monster
MON0350,AWS Devops Support Engineer III - Pune,Rackspace Technology,"Remote, India",10 - 14 Years,Monster
MON0351,AWS Lambda  Developer,Willware Technologies Private Limited,Remote,5 - 10 Years,Monster
MON0352,AWS Data Engineer,Sakesh Solutions LLC,Remote,3 - 10 Years,Monster
MON0353,AWS Service Delivery Manager - Pune/Bangalore/Delhi,Rackspace Technology,"Remote, India",10 - 12 Years,Monster
MON0354,Software Engineer,STATS PERFORM,Remote,3 - 6 Years,Monster
MON0355,Data Engineer- Apache Nifi +Java,Ifintalent Global Private Limited,Remote,3 - 7 Years,Monster
MON0356,Data Engineer,Number 11,Remote,5 - 10 Years,Monster
MON0357,Platform Junior Full Stack,Ifintalent Global Private Limited,Remote,4 - 8 Years,Monster
MON0358,Sr. Databricks Admin,Ifintalent Global Private Limited,Remote,7 - 14 Years,Monster
MON0359,Senior Application Engg Backend,Ifintalent Global Private Limited,Remote,5 - 15 Years,Monster
MON0360,Application Engg Senior Full Stack,Ifintalent Global Private Limited,Remote,3 - 7 Years,Monster
MON0361,Senior Full stack Dev(Cloud),Ifintalent Global Private Limited,Remote,10 - 15 Years,Monster
MON0362,Senior Consultant - TAX - National - TAX - Other - TTT Development,Ernst and young LLP,Mumbai,5 - 8 Years,Monster
MON0363,Consultant - Business Consulting PI - GOV - CNS - BC - Transformation Delivery - Gurgaon,Ernst and young LLP,Gurugram,5 - 7 Years,Monster
MON0364,Business Consulting - Senior Consultant - Supply Chain Domain - EAM,Ernst and young LLP,Cochin / Kochi / Ernakulam,5 - 8 Years,Monster
MON0365,DET-TT-Strategy Consultant -GDSN04,Ernst and young LLP,Bengaluru,10 - 15 Years,Monster
MON0366,Senior Consultant - Business Consulting PI - GOV - CNS - BC - Transformation Delivery - Gurgaon,Ernst and young LLP,Gurugram,3 - 6 Years,Monster
MON0367,Project Consultant - Business Consulting PI - GOV - CNS - BC - Transformation Delivery - Chandigarh,Ernst and young LLP,Chandigarh,5 - 8 Years,Monster
MON0368,Project Consultant - Business Consulting PI - GOV - CNS - BC - Transformation Delivery - Gurgaon,Ernst and young LLP,Gurugram,5 - 8 Years,Monster
MON0369,Project Consultant - Business Consulting PI - GOV - CNS - BC - Transformation Delivery - Gurgaon,Ernst and young LLP,Gurugram,5 - 8 Years,Monster
MON0370,Project Consultant - Business Consulting PI - GOV - CNS - BC - Transformation Delivery - New Delhi,Ernst and young LLP,Delhi,5 - 8 Years,Monster
MON0371,SCT-EO-Proactive-P and U-Senior Consultant-GDS,Ernst and young LLP,Noida,6 - 10 Years,Monster
MON0372,"Senior Consultant - Business Consulting Risk - FS - CNS - Risk - FSRM - Mumbai, Pune",Ernst and young LLP,"Mumbai, Pune",3 - 7 Years,Monster
MON0373,Senior Consultant – F&A Digital Transformation || Infosys BPM,Infosys BPM Limited,Bengaluru,8 - 12 Years,Monster
MON0374,Tech Consulting - Oracle - Technical Consultant,Ernst and young LLP,Cochin / Kochi / Ernakulam,8 - 10 Years,Monster
MON0375,SAP ABAP consultant,Tata Consultancy Services Limited,"Hyderabad, Kolkata, Delhi NCR",2 - 7 Years,Monster
MON0376,Clear BC-SC And O-Manufacturing-Senior Consultant,Ernst and young LLP,Thiruvananthapuram / Trivandrum,3 - 7 Years,Monster
MON0377,Full Stack Web Developer (Angular & C#),Hti Manpower Outsoursing Services Private Limited,Remote,8 - 10 Years,Monster
MON0378,"Automation Tester (C#, Selenium)",Gainwell Technologies LLC,Remote,2 - 5 Years,Monster
MON0379,Pro-C Developer,Gainwell Technologies LLC,Remote,9 - 14 Years,Monster
MON0380,Pro C Developer,Gainwell Technologies LLC,Remote,5 - 10 Years,Monster
MON0381,Cobol/C Developer,Orion India Systems Private Limited,Remote,4 - 6 Years,Monster
MON0382,Full Stack Engineer - React C#,Luxoft India Llp,Remote,5 - 8 Years,Monster
MON0383,.NET Developer ( C# ),"**********
            Company name confidential","Bengaluru, Delhi NCR, Pune",INR 12 - 19.5 LPA,Monster
MON0384,Sr BA Reinsurance,Birlasoft Limited,Remote,8 - 10 Years,Monster
MON0385,Software Engineering manager,Canterr It Services India Private Limited,Remote,5 - 6 Years,Monster
MON0386,Engineering Manager / Tech Lead (IC),Canterr It Services India Private Limited,Remote,5 - 6 Years,Monster
MON0387,.Net Architect,Azoca Technologies Llp,Remote,INR 12 - 15 LPA,Monster
MON0388,dotnet developler,Xpetize Technology Solutions Private Limited,Remote,3 - 7 Years,Monster
MON0389,Software engineer - Dot net,Xpetize Technology Solutions Private Limited,Remote,4 - 9 Years,Monster
MON0390,Quality Assurance (QA) Engineer,Robotics Technologies,"Noida, Delhi NCR, Pune",5 - 10 Years,Monster
MON0391,Robotics and Automation - TDC,Hical Technologies Private Limited,Bengaluru,2 - 3 Years,Monster
MON0392,Delivery Head AI & Robotics,Talent Ahead India Private Limited,Pune,12 - 17 Years,Monster
MON0393,Robotics - Senior Associate,BNP Paribas India Solutions Private Limited,Bengaluru,5 - 10 Years,Monster
MON0394,Robotics Engineer,Robotics Technologies,"Gurugram, Hyderabad, Kolkata",15 - 20 Years,Monster
MON0395,Robotics Engineer,Robotics Technologies,"Ahmedabad, Bengaluru, Chennai",10 - 15 Years,Monster
MON0396,Robotics Engineer,Robotics Technologies,"Ahmedabad, Bengaluru, Chennai",8 - 12 Years,Monster
MON0397,Robotics Engineer,Gray Matrix,"Mumbai, India",1 - 3 Years,Monster
MON0398,Robotics Engineer,Gray Matrix,"Mumbai, India",1 - 3 Years,Monster
MON0399,Solutions Architect - Robotics & Automation,CynLr,"Bengaluru, India",Fresher,Monster
MON0400,Robotics Specialist,The Leaders Hive,"Navi Mumbai, Mumbai, India",2 - 4 Years,Monster
MON0401,Robotics Trainer,Paulwin George (Proprietor of Angel And Genie),Gurugram,2 - 3 Years,Monster
MON0402,STEM Robotics Teacher,Paulwin George (Proprietor of Angel And Genie),Gurugram,2 - 6 Years,Monster
MON0403,Python with Robotics Framework,Tata Consultancy Services Limited,Mumbai,4 - 8 Years,Monster
MON0404,Robotics Engineer,Robotics Technologies,"Ahmedabad, Bengaluru, Chennai",3 - 10 Years,Monster
MON0405,Robotics Engineer,Robotics Technologies,Hyderabad,5 - 10 Years,Monster
MON0406,Windchill Developer,Birlasoft Limited,Remote,5 - 7 Years,Monster
MON0407,Market Developer,ExxonMobil,"Gurugram, Mumbai",5 - 10 Years,Monster
MON0408,Developer NSO BPA || Bharti Airtel,Airtel,Gurugram,6 - 11 Years,Monster
MON0409,ERP Analytics-OAC and SQL Developer-Senior,Ernst and young LLP,Noida,3 - 7 Years,Monster
MON0410,Digital-Staff-Machine Learning Developer,Ernst and young LLP,"Noida, Kolkata",1 - 3 Years,Monster
MON0411,Product Developer,Airtel,Gurugram,12 - 19 Years,Monster
MON0412,Analytics - Senior - Python Full Stack Developer,Ernst and young LLP,Gurugram,3 - 8 Years,Monster
MON0413,Developer - L2,Wipro Limited,Noida,Fresher,Monster
MON0414,Salesforce Developer,Tata Consultancy Services Limited,Delhi NCR,2 - 7 Years,Monster
MON0415,PEGA Developer,Tata Consultancy Services Limited,Delhi NCR,2 - 7 Years,Monster
MON0416,"Lead Consultant, Android Developer",Genpact,Noida,Fresher,Monster
MON0417,"Process Developer, Invoice to Cash",Genpact,Noida,Fresher,Monster
MON0418,"Lead Consultant, .NET Developer",Genpact,Noida,Fresher,Monster
MON0419,"Lead Consultant, Android Developer",Genpact,Noida,Fresher,Monster
MON0420,"Lead Consultant, Android Developer",Genpact,Noida,Fresher,Monster
MON0421,React Js Developer,Tata Consultancy Services Limited,Noida,4 - 10 Years,Monster
MON0422,Dot Net Developer + React js,Mobile Programming LLC,Gurugram,5 - 10 Years,Monster
MON0423,React JS Developer,Xoriant Corporation,"Gurugram, Bengaluru, Pune",6 - 11 Years,Monster
MON0424,React JS Developer,Coforge Solutions Private Limited,"Noida, Delhi NCR",7 - 16 Years,Monster
MON0425,Sr . React JS Developer,Diensten Tech Limited,"Delhi, Noida",4 - 6 Years,Monster
MON0426,React Js Developer,Diensten Tech Limited,Noida,2 - 4 Years,Monster
MON0427,"React Native ,React JS Developer",HCL Technologies Limited,"Hyderabad, Noida, Pune",5 - 14 Years,Monster
MON0428,React JS Developer,Birlasoft Limited,"Hyderabad, Bengaluru, Noida",8 - 10 Years,Monster
MON0429,React JS Developer,Novustribe Technology Private Limited,"Gurugram, Bengaluru",8 - 15 Years,Monster
MON0430,Software Engineer - React.js & Node.js,Mirchi,"Noida, India",Fresher,Monster
MON0431,Lead Full Stack (Node.JS +React.JS,Bellurbis,"Noida, India",5 - 7 Years,Monster
MON0432,Sr. React JS Developer,Diensten Tech Limited,Noida,4 - 6 Years,Monster
MON0433,Sr. React JS Developer,Diensten Tech Limited,Noida,4 - 6 Years,Monster
MON0434,"Full Stack Developer - React js ,Node js **Immediate joiner preferred",techcarrot,"Hyderabad, Chennai, Noida",8 - 15 Years,Monster
MON0435,React.Js,Mobile Programming LLC,"Chennai, Delhi",5 - 8 Years,Monster
MON0436,Data Engineer,PHOTON,"Delhi, Kolkata, Mumbai",2 - 5 Years,Monster
MON0437,Assistant Manager - Azure Data Engineer,Genpact,"Gurugram, Gurugram",Fresher,Monster
MON0438,Senior Finance Data Engineer,Ion,Noida,5 - 10 Years,Monster
MON0439,Sr. Data Engineer,PHOTON,"Delhi, Kolkata, Mumbai",8 - 9 Years,Monster
MON0440,Senior Data Engineer,Siemens,Noida,5 - 7 Years,Monster
MON0441,Senior Data Engineer,Siemens,Noida,5 - 7 Years,Monster
MON0442,Data Engineer - Noida,Paytm,Noida,2 - 6 Years,Monster
MON0443,Data Engineer III,Ncr Corporation,Gurugram,5 - 10 Years,Monster
MON0444,Data Engineer - Lead,Paytm,Noida,6 - 12 Years,Monster
MON0445,Data Engineer - Lead,Paytm,Noida,7 - 12 Years,Monster
MON0446,Principal Data Engineer,Brightly Software,"Noida, India",7 - 9 Years,Monster
MON0447,Data Engineer (3-6 yrs),Probo,"Gurugram, Gurugram, India",3 - 6 Years,Monster
MON0448,Data Engineer,GMG,"Gurugram, Gurugram, India",6 - 8 Years,Monster
MON0449,Data Engineer,United Airlines,"Gurugram, Gurugram, India",2 - 4 Years,Monster
MON0450,Senior Data Engineer,HCLTech,"Noida, India",7 - 9 Years,Monster
MON0451,AWS Data Architect,Trianz,"Hyderabad, India",10 - 12 Years,Monster
MON0452,AWS data engineer,IPS Vantage Tech Services Private Limited,"Bengaluru, Chennai",4 - 10 Years,Monster
MON0453,AWS Data Engineer,Elios Technologies INC,"Bengaluru, Chennai, Pune",6 - 10 Years,Monster
MON0454,Aws Data Engineer,Tata Consultancy Services Limited,"Hyderabad, Bengaluru",5 - 10 Years,Monster
MON0455,AWS Data Engineer,Virtusa,Hyderabad,4 - 6 Years,Monster
MON0456,AWS Data Engineer,Coders Brain Technology Private Limited,Bengaluru,5 - 10 Years,Monster
MON0457,AWS Data Engineer,Soulpage IT Solutions,"Hyderabad, India",4 - 6 Years,Monster
MON0458,AWS Data Engineer,Sakesh Solutions LLC,Remote,3 - 10 Years,Monster
MON0459,AWS Data Engineer,Tata Consultancy Services Limited,Bengaluru,4 - 8 Years,Monster
MON0460,AWS Data Engineer,People Prime Worldwide Private Limited,Kolkata,4 - 12 Years,Monster
MON0461,AWS Data Engineer,Sourceright Technologies (India) Private Limited,Hyderabad,5 - 10 Years,Monster
MON0462,AWS Data Engineer,Wipzo Systech Private Limited,"Gurugram, Hyderabad, Pune",5 - 10 Years,Monster
MON0463,aws data engineer,Eminence Tech System Private Limited,"Gurugram, Noida",5 - 15 Years,Monster
MON0464,AWS Data Engineer,Changeleaders Consulting Private Limited,"Bengaluru, Mumbai, Hyderabad",6 - 13 Years,Monster
MON0465,AWS Data Engineer,Gsparks Technology Services Private Limited,"Delhi, Chennai, Bengaluru",INR 7 - 10 LPA,Monster
MON0466,ETL Developer,Acesoft Labs India Private Limited,Bengaluru,3 - 6 Years,Monster
MON0467,Lead Software Engineer (Lead ETL PySpark Developer),Clarivate,Bengaluru,3 - 8 Years,Monster
MON0468,ETL Developer,HTC Global Services (India) Private Limited,Bengaluru,2 - 10 Years,Monster
MON0469,Software Engineer II - ETL Developer,JP Morgan Chase & Co.,Bengaluru,2 - 4 Years,Monster
MON0470,Developer-ETL,Sapiens,"Bengaluru, India",3 - 5 Years,Monster
MON0471,"ETL, Snowflake, Data Pipelines - Developer",NTT DATA North America,"Bengaluru, India",3 - 5 Years,Monster
MON0472,Automation Engineer,Avalara Technologies,"Delhi, Kolkata, Mumbai",3 - 7 Years,Monster
MON0473,Test Engineer II (Automation),Siemens,Noida,2 - 5 Years,Monster
MON0474,Test Engineer II (Automation),Siemens,Noida,2 - 5 Years,Monster
MON0475,QA Automation,Adobe,"Noida, India",3 - 6 Years,Monster
MON0476,Automation Test Engineer,Coforge,"Noida, India",3 - 8 Years,Monster
MON0477,Automation Engineer - LDA,Ericsson,"Noida, India",2 - 5 Years,Monster
MON0478,Software Tester-Automation - BLR,PHOTON,"Delhi, Mumbai, Pune",3 - 10 Years,Monster
MON0479,Automation Engineer - Java,PHOTON,"Delhi, Mumbai, Pune",3 - 9 Years,Monster
MON0480,QA Engineer - Automation,PHOTON,"Delhi, Mumbai, Pune",3 - 6 Years,Monster
MON0481,Developer (DevOps Automation),Axa XL,Gurugram,3 - 5 Years,Monster
MON0482,"Web Solutions Engineer I, Tools Development and Automation",Google Inc,"Gurugram, Hyderabad, Bengaluru",2 - 7 Years,Monster
MON0483,Software Tester-Automation,PHOTON,"Delhi, Kolkata, Mumbai",3 - 10 Years,Monster
MON0484,QA Tester| QA Automation,PHOTON,"Delhi, Kolkata, Mumbai",3 - 7 Years,Monster
MON0485,"Technical Solutions Consultant, Ads, Authoring Automation, gTech",Google Inc,"Gurugram, Hyderabad",3 - 7 Years,Monster
MON0486,"Web Solutions Engineer I, Tools Development and Automation",Google Inc,Gurugram,2 - 7 Years,Monster
MON0487,BI Developer,STATS PERFORM,Remote,3 - 6 Years,Monster
MON0488,Data Scientist,Fidelity Investments,"Chennai, India",Fresher,Monster
MON0489,Data Scientist,Robotics Technologies,"Bengaluru, Chennai, Pune",5 - 10 Years,Monster
MON0490,Lead Data Scientist,ARi,"Chennai, India",7 - 10 Years,Monster
MON0491,Data Scientist for DMAI,Prodapt,"Chennai, India",Fresher,Monster
MON0492,"Principal, Data Scientist",Walmart Global Tech India,"Chennai, India",12 - 20 Years,Monster
MON0493,Data Scientist - BLR,PHOTON,"Hyderabad, Bengaluru, Chennai",6 - 9 Years,Monster
MON0494,Data Scientist,PHOTON,"Hyderabad, Bengaluru, Chennai",8 - 12 Years,Monster
MON0495,Data Scientist,HDFC,Chennai,8 - 13 Years,Monster
MON0496,AWS Data Scientist,Gsparks Technology Services Private Limited,"Delhi, Chennai, Bengaluru",INR 8 - 12 LPA,Monster
MON0497,Data Scientist,Robotics Technologies,"Bengaluru, Chennai, Pune",5 - 10 Years,Monster
MON0498,Data Scientist,PHOTON,Chennai,4 - 8 Years,Monster
MON0499,Data Scientist,PHOTON,"Hyderabad, Chennai, Pune",8 - 12 Years,Monster
MON0500,Data Scientist,PHOTON,"Hyderabad, Chennai, Pune",8 - 12 Years,Monster
MON0501,Senior Data Scientist Lead - Work from office,EXL,Chennai,8 - 13 Years,Monster
MON0502,Data Scientist,Kavi India,"Chennai, India",4 - 6 Years,Monster
MON0503,Sr. Data Engineer (FullStack Developer),SNN Analytics PVT LTD,"Ahmedabad, India",6 - 8 Years,Monster
MON0504,Senior Data Engineer( Python Data Engineer + Python Visualization),TalentBasket,Remote,7 - 15 Years,Monster
MON0505,Senior Data Engineer (Databricks & Azure),Gsparks Technology Services Private Limited,"Ahmedabad, Chennai, Bengaluru",5 - 8 Years,Monster
MON0506,Senior Data Engineer,eInfochips (An Arrow Company),"Ahmedabad, India",5 - 10 Years,Monster
MON0507,Lead- Data Engineer,Azilen Technologies,"Ahmedabad, India",5 - 7 Years,Monster
MON0508,Lead Data Engineer (Snowflake),Uplers,"Ahmedabad, India",7 - 10 Years,Monster
MON0509,Senior Data Engineer,GrowExx,"Ahmedabad, India",5 - 7 Years,Monster
MON0510,Simform is hiring | Sr. Data Engineer | Join our dynamic team with cutting edge tech expertise,Simform,"Ahmedabad, India",4 - 8 Years,Monster
MON0511,Senior Data Engineer,Loopio,"Ahmedabad, India",5 - 7 Years,Monster
MON0512,Data Engineer,Persistent,"Ahmedabad, Chennai, Pune",5 - 10 Years,Monster
MON0513,HIRING for Data Engineer,Robotics Technologies,"Ahmedabad, Bengaluru, Chennai",6 - 12 Years,Monster
MON0514,Lead Data Engineer(Snowflake/DBT),Tide,Remote,4 - 8 Years,Monster
MON0515,Lead Data Engineer(Snowflake/DBT),Tide,Remote,4 - 7 Years,Monster
MON0516,Data Engineer II,Microsoft,Remote,5 - 7 Years,Monster
MON0517,Data Engineer,Ifintalent Global Private Limited,Remote,4 - 8 Years,Monster
MON0518,Java Backend & Java Fullstack (With React) Developer,Coforge,"Noida, Mumbai, Pune",2 - 3 Years,Monster
MON0519,Backend Software Engineer-Paytm Money,Paytm,Noida,1 - 3 Years,Monster
MON0520,Backend Software Engineer-Paytm Money,Paytm,Noida,1 - 3 Years,Monster
MON0521,Backend - Software Engineer,Paytm,Noida,1 - 3 Years,Monster
MON0522,Full Stack-Backend- Senior Software Engineer,Paytm,Noida,2 - 4 Years,Monster
MON0523,Backend Developer / Data Engineer,Siemens Energy,Gurugram,1 - 4 Years,Monster
MON0524,Software Engineer (Backend),Ontic,"Noida, India",2 - 5 Years,Monster
MON0525,"Software Engineer II, Accommodation (Backend)",tiket.com,"Noida, India",2 - 4 Years,Monster
MON0526,"Backend Engineer (0-2 Years) - Customer Engineering, Noida",Level AI,"Noida, India",1 - 3 Years,Monster
MON0527,Backend Engineer,Liberin Technologies,"Noida, India",2 - 4 Years,Monster
MON0528,"Software Engineer II, Accommodation (Backend)",tiket.com,"Noida, India",2 - 4 Years,Monster
MON0529,Backend Executive,GLW Technology Pvt. Ltd.,"Delhi, India",1 - 3 Years,Monster
MON0530,Backend/ Operations Executive,EyeMantra Group of Hospital,"Delhi, India",2 - 4 Years,Monster
MON0531,Software Developer Backend (Java),Uplers,"Gurugram, Gurugram, India",2 - 4 Years,Monster
MON0532,Java Backend Engineer,Birdeye,"Gurugram, Gurugram, India",2 - 4 Years,Monster
MON0533,AWS data engineer,IPS Vantage Tech Services Private Limited,"Bengaluru, Chennai",4 - 10 Years,Monster
MON0534,AWS Data Engineer,Elios Technologies INC,"Bengaluru, Chennai, Pune",6 - 10 Years,Monster
MON0535,Aws Data Engineer,Tata Consultancy Services Limited,"Hyderabad, Bengaluru",5 - 10 Years,Monster
MON0536,AWS Data Engineer,Virtusa,Hyderabad,4 - 6 Years,Monster
MON0537,AWS Data Engineer,Coders Brain Technology Private Limited,Bengaluru,5 - 10 Years,Monster
MON0538,AWS Data Engineer,Soulpage IT Solutions,"Hyderabad, India",4 - 6 Years,Monster
MON0539,AWS Data Engineer,Sakesh Solutions LLC,Remote,3 - 10 Years,Monster
MON0540,AWS Data Engineer,People Prime Worldwide Private Limited,Kolkata,4 - 12 Years,Monster
MON0541,AWS Data Engineer,Tata Consultancy Services Limited,Bengaluru,4 - 8 Years,Monster
MON0542,AWS Data Engineer|Bangalore,PricewaterhouseCoopers Professional Services LLP,Bengaluru,4 - 8 Years,Monster
MON0543,AWS Data Engineer|Bangalore,PricewaterhouseCoopers Professional Services LLP,Bengaluru,4 - 8 Years,Monster
MON0544,AWS Data Engineer,Sourceright Technologies (India) Private Limited,Hyderabad,5 - 10 Years,Monster
MON0545,AWS Data Engineer,Wipzo Systech Private Limited,"Gurugram, Hyderabad, Pune",5 - 10 Years,Monster
MON0546,aws data engineer,Eminence Tech System Private Limited,"Gurugram, Noida",5 - 15 Years,Monster
MON0547,AWS Data Engineer,Coders Brain Technology Private Limited,"Bengaluru, Chennai, Pune",INR 5 - 12 LPA,Monster
MON0548,Lead Quality Assurance Engineer,Clarivate,Noida,7 - 12 Years,Monster
MON0549,Associate Lead Software Engineer,Clarivate,Noida,6 - 11 Years,Monster
MON0550,Senior Site Reliability Engineer,Avalara Technologies,"Delhi, Kolkata, Mumbai",5 - 10 Years,Monster
MON0551,Principal Pipelines Engineer/Associate,Mott MacDonald,"Bengaluru, Noida, Mumbai",5 - 8 Years,Monster
MON0552,Senior Database Engineer ( Oracle Cloud DBA ),Security and Intelligence Services,"Gurugram, Hyderabad, Bengaluru",5 - 10 Years,Monster
MON0553,Senior Database Engineer ( Oracle Cloud DBA ),Security and Intelligence Services,"Gurugram, Hyderabad, Bengaluru",5 - 10 Years,Monster
MON0554,SPARK Data Onboarding Engineer,PHOTON,"Delhi, Kolkata, Mumbai",5 - 10 Years,Monster
MON0555,Principal Engineer - Electrical - Healthcare experience,Aecome,Gurugram,3 - 8 Years,Monster
MON0556,Structural Design Engineer,Aecome,Gurugram,6 - 10 Years,Monster
MON0557,Electrical Design Engineer,Aecome,Gurugram,5 - 9 Years,Monster
MON0558,Structural Engineer,Mott MacDonald,"Bengaluru, Noida, Mumbai",4 - 10 Years,Monster
MON0559,ProdOps Engineer - Offshore,PHOTON,"Delhi, Kolkata, Mumbai",4 - 8 Years,Monster
MON0560,Senior PHE Engineer,Mott MacDonald,"Bengaluru, Noida",8 - 12 Years,Monster
MON0561,Senior Development Operations Engineer,Clarivate,Noida,5 - 10 Years,Monster
MON0562,Senior Engineer- Building Structure,Aecome,Gurugram,6 - 10 Years,Monster
MON0563,GCP Architect,PHOTON,"Delhi, Kolkata, Mumbai",4 - 10 Years,Monster
MON0564,Cloud Sales Consultant I GCP,Concentrix,Delhi,3 - 8 Years,Monster
MON0565,Cloud Sales Consultant I GCP,Concentrix,"Gurugram, Noida",3 - 8 Years,Monster
MON0566,IN_Senior Associate_GCP Data engineer_D&A_Advisory_Gurgaon,PwC India,"Gurugram, Gurugram, India",2 - 5 Years,Monster
MON0567,IN_Senior Associate_GCP Data engineer_D&A_Advisory_Gurgaon,PwC India,"Gurugram, Gurugram, India",2 - 5 Years,Monster
MON0568,IN-Senior Associate _GCP Developer _Data & Analytics _Advisory _Noida,PwC India,"Noida, India",3 - 8 Years,Monster
MON0569,IN-Associate_GCP Data Enginer_Data & Analaytics_Advisory_Gurugram,PwC India,"Gurugram, Gurugram, India",4 - 8 Years,Monster
MON0570,IN-Associate _GCP Developer _Data & Analytics _Advisory _Noida,PwC India,"Noida, India",3 - 7 Years,Monster
MON0571,REF68182B_2025146741 - Deputy Manager - WTS - Cloud GCP Infrastructure - 5 to 7 years Experience,WNS,"Gurugram, India",5 - 7 Years,Monster
MON0572,GCP Architect,PHOTON,"Delhi, Kolkata, Mumbai",4 - 10 Years,Monster
MON0573,GCP L3,Stefanini North America and APAC,"Noida, India",Fresher,Monster
MON0574,"Quantexa(implementing, configuring, installing)+GCP+AWS",BcForward India Technologies Private Limited,"Gurugram, Hyderabad, Bengaluru",5 - 10 Years,Monster
MON0575,GCP Devops Engineer,Damco Solutions Limited,"Gurugram, Bengaluru, Pune",4 - 7 Years,Monster
MON0576,Gcp Data Engineer,Infosys Limited,Gurugram,7 - 12 Years,Monster
MON0577,Hiring For GCP Terraform Devops Expert Pan India,Tech Mahindra Limited,"Delhi, Bengaluru, Pune",7 - 12 Years,Monster
MON0578,Senior Finance Data Engineer,Ion,Noida,5 - 10 Years,Monster
MON0579,Senior Data Engineer,Siemens,Noida,5 - 7 Years,Monster
MON0580,Senior Data Engineer,Siemens,Noida,5 - 7 Years,Monster
MON0581,Data Engineer III,Ncr Corporation,Gurugram,5 - 10 Years,Monster
MON0582,Data Engineer - Lead,Paytm,Noida,7 - 12 Years,Monster
MON0583,Data Engineer - Lead,Paytm,Noida,6 - 12 Years,Monster
MON0584,Principal Data Engineer,Brightly Software,"Noida, India",7 - 9 Years,Monster
MON0585,Data Engineer,GMG,"Gurugram, Gurugram, India",6 - 8 Years,Monster
MON0586,IN-Associate_Azure Data Engineer-- Data and Analytics_Advisory_Gurugram,PwC India,"Gurugram, Gurugram, India",4 - 7 Years,Monster
MON0587,Senior Data Engineer,HCLTech,"Noida, India",7 - 9 Years,Monster
MON0588,Data Engineer,PHOTON,"Delhi, Mumbai, Pune",3 - 7 Years,Monster
MON0589,"Data Engineer - ETL,AWS",PHOTON,"Delhi, Mumbai, Pune",6 - 9 Years,Monster
MON0590,Cloud Data Engineer - BLR,PHOTON,"Delhi, Mumbai, Pune",6 - 9 Years,Monster
MON0591,Data Engineer,PHOTON,"Delhi, Kolkata, Mumbai",3 - 7 Years,Monster
MON0592,Data Engineer,Siemens Energy,Gurugram,3 - 8 Years,Monster
MON0593,Power Programmer - Frontend React - Q1-26,Infosys Limited,"Bengaluru, India",Fresher,Monster
MON0594,Frontend Developer,VAYUZ Technologies,"Bengaluru, India",3 - 5 Years,Monster
MON0595,Senior Software Engineer - Frontend,Signeasy,"Bengaluru, India",5 - 7 Years,Monster
MON0596,Lead C++ Frontend Engineer (Qt/QML),Mogi I/O : OTT/Podcast/Short Video Apps for you,"Bengaluru, India",5 - 7 Years,Monster
MON0597,Frontend Intern - Three.js,Digantara,"Bengaluru, India",Fresher,Monster
MON0598,Frontend Engineer - Bangalore,Oleria,"Bengaluru, India",4 - 6 Years,Monster
MON0599,Frontend Architect,frog,"Bengaluru, India",Fresher,Monster
MON0600,Frontend Engineer (India),Mesh,"Bengaluru, India",5 - 7 Years,Monster
MON0601,Senior Frontend Developer,Accion Labs,"Bengaluru, India",Fresher,Monster
MON0602,Frontend Developer,Livspace,"Bengaluru, India",4 - 6 Years,Monster
MON0603,UI Frontend Developer,Siemens Healthineers,"Bengaluru, India",Fresher,Monster
MON0604,Computer Scientist 1 (Frontend),Adobe,"Bengaluru, India",4 - 6 Years,Monster
MON0605,Software Engineer-Frontend (App),HDFC Bank,"Bengaluru, India",8 - 10 Years,Monster
MON0606,Software Engineer-Frontend (App),HDFC Bank,"Bengaluru, India",8 - 10 Years,Monster
MON0607,Software Development Engineer 5 (FrontEnd),Adobe,"Bengaluru, India",8 - 12 Years,Monster
MON0608,DevOps and Automation Engineering,Broadridge,Hyderabad,2 - 4 Years,Monster
MON0609,Sdet Automation Test Engineer,Broadridge,Bengaluru,3 - 7 Years,Monster
MON0610,Consultant - Data Quality Tester with Automation skills,Genpact,Bengaluru,Fresher,Monster
MON0611,QA Automation Engineer,PHOTON,"Hyderabad, Bengaluru, Chennai",7 - 9 Years,Monster
MON0612,QE Automation Lead,Qentelli,Hyderabad,11 - 13 Years,Monster
MON0613,QA Automation Engineer,PHOTON,Pune,7 - 9 Years,Monster
MON0614,Architect- Cloud Infrastructure Automation,Pepsico india,Hyderabad,10 - 20 Years,Monster
MON0615,Automation Engineer,Barru Wehmiller,Chennai,12 - 15 Years,Monster
MON0616,QE Automation,Qentelli,Hyderabad,4 - 9 Years,Monster
MON0617,Architect- OS/DB Automation,Pepsico india,Hyderabad,8 - 16 Years,Monster
MON0618,Architect - RI Automation,Pepsico india,Hyderabad,8 - 12 Years,Monster
MON0619,Automation Engineer,Avalara Technologies,Bengaluru,3 - 7 Years,Monster
MON0620,QA Automation Engineer,PHOTON,"Delhi, Kolkata, Mumbai",7 - 9 Years,Monster
MON0621,Automation Engineer,Avalara Technologies,"Delhi, Kolkata, Mumbai",3 - 7 Years,Monster
MON0622,Automation Engineer,Avalara Technologies,"Hyderabad, Chennai, Pune",3 - 7 Years,Monster
MON0623,Frontend Lead Software Engineer,Pepsico india,Hyderabad,4 - 6 Years,Monster
MON0624,Frontend Lead Developer - Angular,Qentelli,Hyderabad,5 - 7 Years,Monster
MON0625,Senior Software Engineer - Frontend,Fanatics,"Hyderabad, India",5 - 7 Years,Monster
MON0626,Frontend Developer  Vue.js / ERPNext UI,ITVT India Private Limited,Hyderabad,4 - 10 Years,Monster
MON0627,AEM Frontend developer - Angular/React/Typescript/Node.js,Concentrix,"Hyderabad, Bengaluru, Pune",5 - 7 Years,Monster
MON0628,Frontend Developer,Seismic,"Hyderabad, India",5 - 7 Years,Monster
MON0629,Senior Software Engineer - Frontend,Keka HR,"Hyderabad, India",4 - 7 Years,Monster
MON0630,Developer 3 - (Frontend Developer),Hyland,"Hyderabad, India",5 - 7 Years,Monster
MON0631,Frontend Engineer,Applexus Technologies,Hyderabad,4 - 9 Years,Monster
MON0632,Frontend Developer (React),Accolite Software India Pvt Ltd,"Hyderabad, Bengaluru",3 - 6 Years,Monster
MON0633,"React Js Frontend Developer_ Pune, Bangalore",Infosys Limited,"Hyderabad, Bengaluru, Chennai",3 - 8 Years,Monster
MON0634,AEM Frontend Developer,Ara Resources Private Limited,"Hyderabad, Bengaluru, Chennai",5 - 10 Years,Monster
MON0635,Frontend Developer,Zensar Technologies,"Hyderabad, India",4 - 7 Years,Monster
MON0636,Frontend Developer,Heptarc Technology Solutions Private Limited,Remote,6 - 15 Years,Monster
MON0637,FrontEnd Developer (React),Anlage Infotech India Private Limited,"Delhi, Hyderabad, Bengaluru",5 - 8 Years,Monster
MON0638,Big Data Engineer,Brace infotech private limited,"Hyderabad, Bengaluru, Chennai",5 - 10 Years,Monster
MON0639,Associate Big Data Engineer,Metlife,Hyderabad,1 - 3 Years,Monster
MON0640,Lead Azure Big Data Engineer,VidPro Consultancy Services,"Hyderabad, India",3 - 7 Years,Monster
MON0641,Senior Big Data Engineer,Grid Dynamics,"Hyderabad, India",Fresher,Monster
MON0642,Big Data Engineer,Paulwin George (Proprietor of Angel And Genie),Remote,5 - 8 Years,Monster
MON0643,Big Data Engineer,Purview India Consulting And Services Llp,"Hyderabad, Pune, Bengaluru",6 - 11 Years,Monster
MON0644,Big Data Engineer,Robotics Technologies,Hyderabad,15 - 20 Years,Monster
MON0645,Big Data Engineer (Python)/Consultant Specialist,HSBC,"Hyderabad, India",7 - 10 Years,Monster
MON0646,Senior Big Data Engineer,Info Services,"Hyderabad, India",Fresher,Monster
MON0647,Senior Big Data Engineer,Experian,"Hyderabad, India",5 - 7 Years,Monster
MON0648,Sr. Big Data Operations Engineer,Micron,"Hyderabad, India",Fresher,Monster
MON0649,Bigdata Engineer,Virtusa,Hyderabad,7 - 9 Years,Monster
MON0651,IN-Manager_Big Data Engineer_Data and Analytics_Advisory_Bengaluru,PwC India,"Bengaluru, India",8 - 11 Years,Monster
MON0652,"Associate Staff Engineer, Big Data Engineer",Nagarro,Bengaluru,5 - 7 Years,Monster
MON0653,"Associate Staff Engineer, Big Data Engineer",Nagarro,"Bengaluru, Chennai",5 - 10 Years,Monster
MON0654,"Staff Engineer, Big Data Engineer",Nagarro,Bengaluru,6 - 10 Years,Monster
MON0655,Big Data Engineer (AWS),VidPro Consultancy Services,"Bengaluru, India",Fresher,Monster
MON0656,AWS Big Data Engineer,Siemens,Bengaluru,8 - 10 Years,Monster
MON0657,AWS Big data Engineer,Siemens,Bengaluru,2 - 6 Years,Monster
MON0658,Big Data Engineer,TECHNIX TECHNOLOGY,"Bengaluru, India",4 - 6 Years,Monster
MON0659,Big Data Engineer - Senior Consultant,Talent Worx,"Bengaluru, India",6 - 9 Years,Monster
MON0660,Big Data Engineer (AWS),VidPro Consultancy Services,"Bengaluru, India",Fresher,Monster
MON0661,Big Data Engineer,Gramener,"Bengaluru, India",5 - 7 Years,Monster
MON0662,Big Data Engineer,TECHNIX TECHNOLOGY,"Bengaluru, India",4 - 6 Years,Monster
MON0663,Big Data Engineer-3,DXC Consulting & Engineering Services,"Bengaluru, India",Fresher,Monster
MON0664,Big Data Engineer,Brace infotech private limited,"Hyderabad, Bengaluru, Chennai",5 - 10 Years,Monster
MON0665,Big Data Engineer,Adobe,Bengaluru,8 - 12 Years,Monster
MON0666,Senior Automation Tester,HCL Technologies Limited,"Hyderabad, Bengaluru, Chennai",7 - 10 Years,Monster
MON0667,Payment Automation Test Analyst,HCL Technologies Limited,"Chennai, Bengaluru, Pune",5 - 9 Years,Monster
MON0668,RDK Automation Tester,Cognizant Technology Solutions India Pvt Ltd,"Chennai, Bengaluru, Noida",3 - 8 Years,Monster
MON0669,Automation Test Lead,Birlasoft Limited,"Hyderabad, Bengaluru, Chennai",6 - 9 Years,Monster
MON0670,Automation Test Analyst,HCL Technologies Limited,"Bengaluru, Chennai, Pune",6 - 11 Years,Monster
MON0671,Automation Tester,Cognizant Technology Solutions India Pvt Ltd,"Hyderabad, Chennai, Bengaluru",3 - 8 Years,Monster
MON0672,HCL Tech Hiring For Tosca Automation Role,HCL Technologies Limited,"Hyderabad, Bengaluru, Chennai",2 - 7 Years,Monster
MON0673,Automation/Scripting Developer,Coforge,"Chennai, Bengaluru",2 - 7 Years,Monster
MON0674,Mobile Automation Tester,Infosys Limited,"Chennai, Bengaluru, Pune",3 - 8 Years,Monster
MON0675,"Automation Test Engineer - Selenium, C# with API",Cognizant Technology Solutions India Pvt Ltd,"Hyderabad, Bengaluru, Chennai",6 - 10 Years,Monster
MON0676,Automation Test Engineer,Infosys Limited,"Hyderabad, Bengaluru, Chennai",3 - 6 Years,Monster
MON0677,QA Automation Test Engineer,Cognizant Technology Solutions India Pvt Ltd,"Chennai, Bengaluru",5 - 10 Years,Monster
MON0678,Automation Test Analyst,HCL Technologies Limited,"Chennai, Pune",6 - 11 Years,Monster
MON0679,Sdet Automation Test Engineer,Cognizant Technology Solutions India Pvt Ltd,"Hyderabad, Bengaluru, Chennai",6 - 10 Years,Monster
MON0680,UI Automation,Cognizant Technology Solutions India Pvt Ltd,"Hyderabad, Bengaluru, Chennai",5 - 9 Years,Monster
MON0681,Azure Data Engineer with Databricks and PySpark,Birlasoft Limited,"Noida, Mumbai, Pune",8 - 10 Years,Monster
MON0682,Assistant Manager - PySpark,KPMG India,"Gurugram, India",Fresher,Monster
MON0683,IN-Senior Associate_PySpark Developer_Data & Analytics_Advisory_ PAN India,PwC India,"Gurugram, Gurugram, India",2 - 7 Years,Monster
MON0684,Azure Databricks + PySpark + Scala,NuStar Technologies,"Noida, India",5 - 10 Years,Monster
MON0685,"Principal Engineer, PySpark, VP",NatWest Group,Gurugram,10 - 15 Years,Monster
MON0686,Senior - PySpark,KPMG India,"Gurugram, India",Fresher,Monster
MON0687,Assistant Manager - PySpark,KPMG India,"Gurugram, India",Fresher,Monster
MON0688,Data Engineer - Python & Pyspark with AWS,Staffice Global Private Limited,Gurugram,5 - 7 Years,Monster
MON0689,Big Data Modernization Engineer,Infosys Limited,Gurugram,7 - 12 Years,Monster
MON0690,AWS Dig Data Solution Architect,Birlasoft Limited,"Bengaluru, Noida",15 - 20 Years,Monster
MON0691,Gcp Data Engineer,Infosys Limited,Gurugram,7 - 12 Years,Monster
MON0692,Azure Data Engineer with Databricks,Tata Consultancy Services Limited,"Kolkata, Noida",4 - 10 Years,Monster
MON0693,Data Engineer -Support,Coforge,"Noida, Mumbai, Pune",1 - 3 Years,Monster
MON0694,Data Engineer - PySpark,Sulbikar Abbas (Proprietor Of Versatile Consultancy),Remote,3 - 5 Years,Monster
MON0695,"Snowflake Data Engineer with ADB, Python",Coforge,"Noida, Pune",3 - 6 Years,Monster
